data_hora,token,SKU,GMV,Quantity,Brand
"May 29, 2025, 10:03:53 AM",35250593209765058972590014014450918360850983,,,,
"May 2, 2025, 10:30:26 AM",35250593209765059006590014013770564373708222,,,,
"May 2, 2025, 10:30:26 AM",35250593209765059006590014013770564373708222,,,,
"May 2, 2025, 10:30:26 AM",35250593209765059006590014013770564373708222,,,,
"May 29, 2025, 10:03:53 AM",35250593209765058972590014014450918360850983,,,,
"May 2, 2025, 10:30:26 AM",35250593209765059006590014013770564373708222,,,,
"May 2, 2025, 10:30:26 AM",35250593209765059006590014013770564373708222,,,,
"May 20, 2025, 11:51:49 AM",35250593209765058972590014010740551194270376,,,,
"May 2, 2025, 10:30:26 AM",35250593209765059006590014013770564373708222,,,,
"May 20, 2025, 9:11:00 AM",35250593209765058972590014010740550956128696,,,,
"May 2, 2025, 10:30:26 AM",35250593209765059006590014013770564373708222,,,,
"May 2, 2025, 10:30:26 AM",35250593209765059006590014013770564373708222,,,,
"May 20, 2025, 9:11:00 AM",35250593209765058972590014010740550956128696,,,,
"May 2, 2025, 10:30:26 AM",35250593209765059006590014013770564373708222,,,,
"May 2, 2025, 10:30:26 AM",35250593209765059006590014013770564373708222,,,,
"May 2, 2025, 10:30:26 AM",35250593209765059006590014013770564373708222,,,,
"May 15, 2025, 9:02:30 AM",35250593209765058972590014010740545614085423,,,,
"May 2, 2025, 10:30:26 AM",35250593209765059006590014013770564373708222,,,,
"May 2, 2025, 10:30:26 AM",35250593209765059006590014013770564373708222,,,,
"May 8, 2025, 6:09:22 PM",35250593209765058972590014010740537699810038,,,,
"May 7, 2025, 12:39:05 PM",35250593209765058972590014010740535486333260,,,,
"May 7, 2025, 12:39:05 PM",35250593209765058972590014010740535486333260,,,,
"May 2, 2025, 10:30:26 AM",35250593209765059006590014013770564373708222,,,,
"May 13, 2025, 11:08:44 AM",35250593209765058972590014010740543673113920,,,,
"May 26, 2025, 7:20:02 PM",35250593209765058972590014010740558165478123,,,,
"May 16, 2025, 11:00:27 AM",35250593209765058972590014010740547211800171,,,,
"May 2, 2025, 10:30:26 AM",35250593209765059006590014013770564373708222,,,,
"May 2, 2025, 10:30:26 AM",35250593209765059006590014013770564373708222,,,,
"May 26, 2025, 9:38:05 AM",35250593209765058972590014010740557437500540,,,,
"May 16, 2025, 10:11:43 AM",35250593209765058972590014010740547127028765,,,,
"May 18, 2025, 2:11:35 PM",35250593209765058972590014010740549841289367,,,,
"May 27, 2025, 10:02:45 AM",35250593209765058972590014010740558655423783,,,,
"May 19, 2025, 12:19:20 PM",35250593209765058972590014010740550231848021,,,,
"May 7, 2025, 3:25:04 PM",35250593209765058972590014010740535843115943,,,,
"May 20, 2025, 9:26:51 AM",35250593209765058972590014010740550974148466,,,,
"May 16, 2025, 9:43:48 AM",35250593209765058972590014010740547042996031,,,,
"May 25, 2025, 1:32:27 PM",35250593209765058972590014010740556898326809,,,,
"May 27, 2025, 12:07:16 PM",35250593209765058972590014010740558809138633,,,,
"May 20, 2025, 11:51:49 AM",35250593209765058972590014010740551194270376,,,,
"May 20, 2025, 9:11:00 AM",35250593209765058972590014010740550956128696,,,,
"May 16, 2025, 10:11:43 AM",35250593209765058972590014010740547127028765,,,,
"May 20, 2025, 11:51:49 AM",35250593209765058972590014010740551194270376,,,,
"May 27, 2025, 12:29:36 PM",35250593209765058972590014010740558832151527,,,,
"May 26, 2025, 12:54:19 PM",35250593209765058972590014010740557731223583,,,,
"May 18, 2025, 2:11:35 PM",35250593209765058972590014010740549841289367,,,,
"May 27, 2025, 2:31:50 PM",35250593209765058972590014010740559013990539,,,,
"May 20, 2025, 9:11:00 AM",35250593209765058972590014010740550956128696,,,,
"May 20, 2025, 11:18:47 AM",35250593209765058972590014010740551140439607,,,,
"May 25, 2025, 6:43:20 PM",35250593209765058972590014010740557242754209,,,,
"May 16, 2025, 11:00:27 AM",35250593209765058972590014010740547211800171,,,,
"May 24, 2025, 12:49:31 PM",35250593209765058972590014010740555715871510,,,,
"May 13, 2025, 12:16:37 PM",35250593209765058972590014010740543763057166,,,,
"May 14, 2025, 11:42:31 AM",35250593209765058972590014010740544781905910,,,,
"May 20, 2025, 10:52:22 AM",35250593209765058972590014010740551086069339,,,,
"May 14, 2025, 9:08:29 PM",35250593209765058972590014010740545476115772,,,,
"May 14, 2025, 1:29:31 PM",35250593209765058972590014010740544958938348,,,,
"May 19, 2025, 6:52:00 PM",35250593209765058972590014010740550715814656,,,,
"May 25, 2025, 11:26:55 AM",35250593209765058972590014010740556666437571,,,,
"May 20, 2025, 10:52:22 AM",35250593209765058972590014010740551086069339,,,,
"May 24, 2025, 11:09:07 AM",35250593209765058972590014010740555552727157,,,,
"May 14, 2025, 5:05:42 PM",35250593209765058972590014010740545194520700,,,,
"May 20, 2025, 12:45:31 PM",35250593209765058972590014010740551313719215,,,,
"May 9, 2025, 11:06:38 AM",35250593209765058972590014010740538428372601,,,,
"May 2, 2025, 10:30:26 AM",35250593209765059006590014013770564373708222,,,,
"May 19, 2025, 7:01:10 PM",35250593209765058972590014010740550738219100,,,,
"May 8, 2025, 3:49:43 PM",35250593209765058972590014010740537415484246,,,,
"May 7, 2025, 9:52:03 AM",35250593209765058972590014010740535209338365,,,,
"May 9, 2025, 6:21:18 PM",35250593209765058972590014010740539407704557,,,,
"May 7, 2025, 12:39:05 PM",35250593209765058972590014010740535486333260,,,,
"May 7, 2025, 11:39:54 AM",35250593209765058972590014010740535377705370,,,,
"May 9, 2025, 11:14:16 AM",35250593209765058972590014010740538449159001,,,,
"May 7, 2025, 2:45:36 PM",35250593209765058972590014010740535743870847,,,,
"May 7, 2025, 9:47:48 PM",35250593209765058972590014010740536430545490,,,,
"May 10, 2025, 11:02:13 AM",35250593209765058972590014010740540216930793,,,,
"May 8, 2025, 7:55:00 AM",35250593209765058972590014010740536442043893,,,,
"May 8, 2025, 3:49:43 PM",35250593209765058972590014010740537415484246,,,,
"May 9, 2025, 5:57:11 PM",35250593209765058972590014010740539333035665,,,,
"May 7, 2025, 9:46:48 AM",35250593209765058972590014010740535172743679,,,,
"May 7, 2025, 7:44:04 PM",35250593209765058972590014010740536195043191,,,,
"May 8, 2025, 3:11:20 PM",35250593209765058972590014010740537325083030,,,,
"May 9, 2025, 11:06:38 AM",35250593209765058972590014010740538428372601,,,,
"May 7, 2025, 8:39:11 PM",35250593209765058972590014010740536292191604,,,,
"May 14, 2025, 9:04:42 AM",35250593209765058972590014010740544540984464,,,,
"May 14, 2025, 8:48:59 AM",35250593209765058972590014010740544503831242,,,,
"May 9, 2025, 10:54:07 AM",35250593209765058972590014010740538395674825,,,,
"May 2, 2025, 10:30:26 AM",35250593209765059006590014013770564373708222,,,,
"May 29, 2025, 10:03:53 AM",35250593209765058972590014014450918360850983,,,,
"May 2, 2025, 10:30:26 AM",35250593209765059006590014013770564373708222,,,,
"May 13, 2025, 1:24:25 PM",35250593209765058972590014010740543859268885,,,,
"May 15, 2025, 9:43:43 AM",35250593209765058972590014010740545665641293,,,,
"May 19, 2025, 1:46:59 PM",35250593209765058972590014010740550360483950,,,,
"May 27, 2025, 1:20:12 PM",35250593209765058972590014010740558903253637,,,,
"May 13, 2025, 1:24:25 PM",35250593209765058972590014010740543859268885,,,,
"May 19, 2025, 8:21:58 AM",35250593209765058972590014010740549934049706,,,,
"May 8, 2025, 4:41:44 PM",35250593209765058972590014010740537502232784,,,,
"May 2, 2025, 10:30:26 AM",35250593209765059006590014013770564373708222,,,,
"May 13, 2025, 10:13:41 AM",35250593209765058972590014010740543582003633,,,,
"May 14, 2025, 7:34:28 AM",35250593209765058972590014010740544368213426,,,,
"May 7, 2025, 12:39:05 PM",35250593209765058972590014010740535486333260,,,,
"May 27, 2025, 2:31:50 PM",35250593209765058972590014010740559013990539,,,,
"May 26, 2025, 9:31:42 PM",35250593209765058972590014010740558348520870,,,,
"May 7, 2025, 10:53:10 AM",35250593209765058972590014010740535327030972,,,,
"May 25, 2025, 10:59:54 AM",35250593209765058972590014010740556631064337,,,,
"May 10, 2025, 7:21:49 AM",35250593209765058972590014010740539788991662,,,,
"May 13, 2025, 12:16:37 PM",35250593209765058972590014010740543763057166,,,,
"May 10, 2025, 10:44:03 AM",35250593209765058972590014010740540174241197,,,,
"May 20, 2025, 9:26:51 AM",35250593209765058972590014010740550974148466,,,,
"May 20, 2025, 11:18:47 AM",35250593209765058972590014010740551140439607,,,,
"May 13, 2025, 8:02:10 AM",35250593209765058972590014010740543314217549,,,,
"May 24, 2025, 9:14:09 AM",35250593209765058972590014010740555379611300,,,,
"May 7, 2025, 5:53:04 PM",35250593209765058972590014010740536036055560,,,,
"May 14, 2025, 5:05:42 PM",35250593209765058972590014010740545194520700,,,,
"May 15, 2025, 9:10:06 AM",35250593209765058972590014010740545626263496,,,,
"May 13, 2025, 1:27:37 PM",35250593209765058972590014010740543872741734,,,,
"May 7, 2025, 10:59:31 AM",35250593209765058972590014010740535347431611,,,,
"May 7, 2025, 4:48:32 PM",35250593209765058972590014010740535979194519,,,,
"May 29, 2025, 10:03:53 AM",35250593209765058972590014014450918360850983,,,,
"May 2, 2025, 10:30:26 AM",35250593209765059006590014013770564373708222,,,,
"May 18, 2025, 2:11:35 PM",35250593209765058972590014010740549841289367,,,,
"May 19, 2025, 12:50:16 PM",35250593209765058972590014010740550274500760,,,,
"May 20, 2025, 11:51:49 AM",35250593209765058972590014010740551194270376,,,,
"May 8, 2025, 3:11:20 PM",35250593209765058972590014010740537325083030,,,,
"May 20, 2025, 11:51:49 AM",35250593209765058972590014010740551194270376,,,,
"May 25, 2025, 1:32:27 PM",35250593209765058972590014010740556898326809,,,,
"May 15, 2025, 2:30:14 PM",35250593209765058972590014010740546148364332,,,,
"May 25, 2025, 9:50:12 AM",35250593209765058972590014010740556522760146,,,,
"May 20, 2025, 11:51:49 AM",35250593209765058972590014010740551194270376,,,,
"May 20, 2025, 9:26:51 AM",35250593209765058972590014010740550974148466,,,,
"May 20, 2025, 9:42:14 AM",35250593209765058972590014010740550998314480,,,,
"May 19, 2025, 7:01:10 PM",35250593209765058972590014010740550738219100,,,,
"May 24, 2025, 9:06:17 AM",35250593209765058972590014010740555350265519,,,,
"May 24, 2025, 9:31:16 AM",35250593209765058972590014010740555407376306,,,,
"May 24, 2025, 12:23:00 PM",35250593209765058972590014010740555669930645,,,,
"May 7, 2025, 10:33:38 AM",35250593209765058972590014010740535293657110,,,,
"May 25, 2025, 5:40:51 PM",35250593209765058972590014010740557229152160,,,,
"May 19, 2025, 8:21:58 AM",35250593209765058972590014010740549934049706,,,,
"May 19, 2025, 10:31:26 AM",35250593209765058972590014010740550101894422,,,,
"May 15, 2025, 11:44:50 AM",35250593209765058972590014010740545906743501,,,,
"May 27, 2025, 10:02:45 AM",35250593209765058972590014010740558655423783,,,,
"May 13, 2025, 8:02:10 AM",35250593209765058972590014010740543314217549,,,,
"May 26, 2025, 7:08:10 PM",35250593209765058972590014010740558158370746,,,,
"May 16, 2025, 1:02:05 PM",35250593209765058972590014010740547357184700,,,,
"May 15, 2025, 9:01:54 AM",35250593209765058972590014010740545607271020,,,,
"May 13, 2025, 10:13:41 AM",35250593209765058972590014010740543582003633,,,,
"May 13, 2025, 1:27:37 PM",35250593209765058972590014010740543872741734,,,,
"May 20, 2025, 9:54:26 AM",35250593209765058972590014010740551019238256,,,,
"May 26, 2025, 9:31:42 PM",35250593209765058972590014010740558348520870,,,,
"May 19, 2025, 5:18:39 PM",35250593209765058972590014010740550627146139,,,,
"May 19, 2025, 12:38:25 PM",35250593209765058972590014010740550240012879,,,,
"May 14, 2025, 9:35:25 PM",35250593209765058972590014010740545496825392,,,,
"May 24, 2025, 12:53:55 PM",35250593209765058972590014010740555748789090,,,,
"May 24, 2025, 12:40:52 PM",35250593209765058972590014010740555697424104,,,,
"May 26, 2025, 9:54:36 AM",35250593209765058972590014010740557487310320,,,,
"May 24, 2025, 4:48:58 PM",35250593209765058972590014010740556083500935,,,,
"May 13, 2025, 11:41:44 AM",35250593209765058972590014010740543717693942,,,,
"May 27, 2025, 5:27:46 PM",35250593209765058972590014010740559275304187,,,,
"May 27, 2025, 9:42:21 AM",35250593209765058972590014010740558583475111,,,,
"May 25, 2025, 1:58:39 PM",35250593209765058972590014010740556912256051,,,,
"May 19, 2025, 8:29:10 PM",35250593209765058972590014010740550818147440,,,,
"May 27, 2025, 10:26:50 AM",35250593209765058972590014010740558684669930,,,,
"May 27, 2025, 9:46:42 AM",35250593209765058972590014010740558616561194,,,,
"May 14, 2025, 1:42:04 PM",35250593209765058972590014010740544974292643,,,,
"May 27, 2025, 6:20:29 PM",35250593209765058972590014010740559355081966,,,,
"May 15, 2025, 9:43:43 AM",35250593209765058972590014010740545665641293,,,,
"May 25, 2025, 10:59:54 AM",35250593209765058972590014010740556631064337,,,,
"May 24, 2025, 12:41:51 PM",35250593209765058972590014010740555704806496,,,,
"May 2, 2025, 10:30:26 AM",35250593209765059006590014013770564373708222,,,,
"May 26, 2025, 1:58:02 PM",35250593209765058972590014010740557811969409,,,,
"May 25, 2025, 12:12:30 PM",35250593209765058972590014010740556747992281,,,,
"May 2, 2025, 10:30:26 AM",35250593209765059006590014013770564373708222,,,,
"May 2, 2025, 10:30:26 AM",35250593209765059006590014013770564373708222,,,,
"May 2, 2025, 10:30:26 AM",35250593209765059006590014013770564373708222,,,,
"May 20, 2025, 9:54:26 AM",35250593209765058972590014010740551019238256,,,,
"May 20, 2025, 10:04:16 AM",35250593209765058972590014010740551035152107,,,,
"May 2, 2025, 10:30:26 AM",35250593209765059006590014013770564373708222,,,,
"May 15, 2025, 11:48:50 AM",35250593209765058972590014010740545916395379,,,,
"May 25, 2025, 9:50:12 AM",35250593209765058972590014010740556522760146,,,,
"May 13, 2025, 10:13:41 AM",35250593209765058972590014010740543582003633,,,,
"May 19, 2025, 10:51:57 AM",35250593209765058972590014010740550139394028,,,,
"May 14, 2025, 5:22:11 PM",35250593209765058972590014010740545219438718,,,,
"May 10, 2025, 11:02:13 AM",35250593209765058972590014010740540216930793,,,,
"May 8, 2025, 11:45:30 AM",35250593209765058972590014010740536831879119,,,,
"May 13, 2025, 10:10:00 AM",35250593209765058972590014010740543576641453,,,,
"May 10, 2025, 11:02:13 AM",35250593209765058972590014010740540216930793,,,,
"May 27, 2025, 9:46:42 AM",35250593209765058972590014010740558616561194,,,,
"May 19, 2025, 7:31:33 AM",35250593209765058972590014010740549904575159,,,,
"May 27, 2025, 1:17:04 PM",35250593209765058972590014010740558898498304,,,,
"May 15, 2025, 8:40:29 AM",35250593209765058972590014010740545570682286,,,,
"May 14, 2025, 7:34:28 AM",35250593209765058972590014010740544368213426,,,,
"May 8, 2025, 12:44:41 PM",35250593209765058972590014010740537003210548,,,,
"May 14, 2025, 9:04:42 AM",35250593209765058972590014010740544540984464,,,,
"May 7, 2025, 4:48:32 PM",35250593209765058972590014010740535979194519,,,,
"May 25, 2025, 3:19:00 PM",35250593209765058972590014010740557066491123,,,,
"May 15, 2025, 8:18:56 AM",35250593209765058972590014010740545551433039,,,,
"May 15, 2025, 10:59:33 AM",35250593209765058972590014010740545794782748,,,,
"May 25, 2025, 8:59:16 AM",35250593209765058972590014010740556458331731,,,,
"May 8, 2025, 11:47:44 AM",35250593209765058972590014010740536866818590,,,,
"May 15, 2025, 2:46:19 PM",35250593209765058972590014010740546177043719,,,,
"May 19, 2025, 9:08:31 AM",35250593209765058972590014010740550037081128,,,,
"May 20, 2025, 12:45:31 PM",35250593209765058972590014010740551313719215,,,,
"May 10, 2025, 10:07:01 AM",35250593209765058972590014010740540066176975,,,,
"May 7, 2025, 9:54:00 AM",35250593209765058972590014010740535221687919,,,,
"May 7, 2025, 5:09:45 PM",35250593209765058972590014010740535998291133,,,,
"May 10, 2025, 8:04:24 AM",35250593209765058972590014010740539814768864,,,,
"May 7, 2025, 3:23:08 PM",35250593209765058972590014010740535830542449,,,,
"May 8, 2025, 7:55:00 AM",35250593209765058972590014010740536442043893,,,,
"May 9, 2025, 12:41:28 PM",35250593209765058972590014010740538607481189,,,,
"May 10, 2025, 10:40:30 AM",35250593209765058972590014010740540144611352,,,,
"May 9, 2025, 10:19:35 AM",35250593209765058972590014010740538293972916,,,,
"May 8, 2025, 2:12:04 PM",35250593209765058972590014010740537244800882,,,,
"May 14, 2025, 11:42:31 AM",35250593209765058972590014010740544781905910,,,,
"May 16, 2025, 8:51:02 AM",35250593209765058972590014010740546950689876,,,,
"May 10, 2025, 11:00:53 AM",35250593209765058972590014010740540205818440,,,,
"May 26, 2025, 9:15:24 PM",35250593209765058972590014010740558324797490,,,,
"May 24, 2025, 11:00:49 AM",35250593209765058972590014010740555538857472,,,,
"May 20, 2025, 10:52:22 AM",35250593209765058972590014010740551086069339,,,,
"May 27, 2025, 6:29:48 PM",35250593209765058972590014010740559361915814,,,,
"May 15, 2025, 2:46:19 PM",35250593209765058972590014010740546177043719,,,,
"May 16, 2025, 11:00:27 AM",35250593209765058972590014010740547211800171,,,,
"May 13, 2025, 8:41:27 AM",35250593209765058972590014010740543395231440,,,,
"May 26, 2025, 7:20:02 PM",35250593209765058972590014010740558165478123,,,,
"May 19, 2025, 1:51:56 PM",35250593209765058972590014010740550372024645,,,,
"May 25, 2025, 1:08:39 PM",35250593209765058972590014010740556851787958,,,,
"May 26, 2025, 1:56:54 PM",35250593209765058972590014010740557806799126,,,,
"May 26, 2025, 11:59:17 AM",35250593209765058972590014010740557689456350,,,,
"May 23, 2025, 11:33:34 AM",35250593209765058972590014010740554477069218,,,,
"May 16, 2025, 8:00:14 AM",35250593209765058972590014010740546863104632,,,,
"May 27, 2025, 9:45:47 AM",35250593209765058972590014010740558600107928,,,,
"May 15, 2025, 8:18:56 AM",35250593209765058972590014010740545551433039,,,,
"May 26, 2025, 7:58:08 PM",35250593209765058972590014010740558239444928,,,,
"May 19, 2025, 9:05:19 AM",35250593209765058972590014010740550028637887,,,,
"May 27, 2025, 8:24:46 AM",35250593209765058972590014010740558433043712,,,,
"May 20, 2025, 12:45:31 PM",35250593209765058972590014010740551313719215,,,,
"May 13, 2025, 1:27:37 PM",35250593209765058972590014010740543872741734,,,,
"May 25, 2025, 9:40:21 AM",35250593209765058972590014010740556505989645,,,,
"May 26, 2025, 9:00:15 AM",35250593209765058972590014010740557358435045,,,,
"May 27, 2025, 5:27:46 PM",35250593209765058972590014010740559275304187,,,,
"May 27, 2025, 9:45:47 AM",35250593209765058972590014010740558600107928,,,,
"May 15, 2025, 11:49:41 AM",35250593209765058972590014010740545928991605,,,,
"May 16, 2025, 12:17:29 PM",35250593209765058972590014010740547266717225,,,,
"May 26, 2025, 8:44:51 AM",35250593209765058972590014010740557344409683,,,,
"May 15, 2025, 8:14:27 AM",35250593209765058972590014010740545541830523,,,,
"May 16, 2025, 4:08:10 PM",35250593209765058972590014010740547565056565,,,,
"May 26, 2025, 2:35:38 PM",35250593209765058972590014010740557864527842,,,,
"May 2, 2025, 10:30:26 AM",35250593209765059006590014013770564373708222,,,,
"May 16, 2025, 4:08:10 PM",35250593209765058972590014010740547565056565,,,,
"May 16, 2025, 7:26:28 AM",35250593209765058972590014010740546811006761,,,,
"May 16, 2025, 10:04:47 AM",35250593209765058972590014010740547098903152,,,,
"May 24, 2025, 12:40:52 PM",35250593209765058972590014010740555697424104,,,,
"May 14, 2025, 9:54:48 AM",35250593209765058972590014010740544632322417,,,,
"May 25, 2025, 8:59:16 AM",35250593209765058972590014010740556458331731,,,,
"May 16, 2025, 12:18:30 PM",35250593209765058972590014010740547271964847,,,,
"May 16, 2025, 12:35:10 PM",35250593209765058972590014010740547306440644,,,,
"May 14, 2025, 12:21:21 PM",35250593209765058972590014010740544829498040,,,,
"May 19, 2025, 11:37:12 AM",35250593209765058972590014010740550186745923,,,,
"May 19, 2025, 11:10:27 AM",35250593209765058972590014010740550143018582,,,,
"May 26, 2025, 7:08:10 PM",35250593209765058972590014010740558158370746,,,,
"May 20, 2025, 11:50:16 AM",35250593209765058972590014010740551184049057,,,,
"May 25, 2025, 6:57:47 PM",35250593209765058972590014010740557260341107,,,,
"May 24, 2025, 12:23:00 PM",35250593209765058972590014010740555669930645,,,,
"May 19, 2025, 1:17:16 PM",35250593209765058972590014010740550322443660,,,,
"May 15, 2025, 10:57:17 AM",35250593209765058972590014010740545783300666,,,,
"May 14, 2025, 9:04:42 AM",35250593209765058972590014010740544540984464,,,,
"May 26, 2025, 8:34:37 PM",35250593209765058972590014010740558306344101,,,,
"May 13, 2025, 10:34:48 AM",35250593209765058972590014010740543603016968,,,,
"May 14, 2025, 1:29:31 PM",35250593209765058972590014010740544958938348,,,,
"May 27, 2025, 11:34:18 AM",35250593209765058972590014010740558726389418,,,,
"May 23, 2025, 12:15:42 PM",35250593209765058972590014010740554541918977,,,,
"May 24, 2025, 8:27:38 AM",35250593209765058972590014010740555289923132,,,,
"May 16, 2025, 1:02:05 PM",35250593209765058972590014010740547357184700,,,,
"May 24, 2025, 11:43:44 AM",35250593209765058972590014010740555599760495,,,,
"May 24, 2025, 11:47:59 AM",35250593209765058972590014010740555614556873,,,,
"May 27, 2025, 9:42:21 AM",35250593209765058972590014010740558583475111,,,,
"May 19, 2025, 8:29:10 PM",35250593209765058972590014010740550818147440,,,,
"May 24, 2025, 9:13:18 AM",35250593209765058972590014010740555368215521,,,,
"May 24, 2025, 12:23:54 PM",35250593209765058972590014010740555675281327,,,,
"May 27, 2025, 5:27:46 PM",35250593209765058972590014010740559275304187,,,,
"May 24, 2025, 11:47:59 AM",35250593209765058972590014010740555614556873,,,,
"May 14, 2025, 8:58:34 AM",35250593209765058972590014010740544521511165,,,,
"May 27, 2025, 6:43:23 PM",35250593209765058972590014010740559387326328,,,,
"May 20, 2025, 3:37:48 PM",35250593209765058972590014010740551637619429,,,,
"May 14, 2025, 9:24:26 AM",35250593209765058972590014010740544574782775,,,,
"May 13, 2025, 8:02:10 AM",35250593209765058972590014010740543314217549,,,,
"May 20, 2025, 10:49:18 AM",35250593209765058972590014010740551075833288,,,,
"May 19, 2025, 12:38:25 PM",35250593209765058972590014010740550240012879,,,,
"May 14, 2025, 10:22:06 AM",35250593209765058972590014010740544675413562,,,,
"May 19, 2025, 4:04:55 PM",35250593209765058972590014010740550502649895,,,,
"May 15, 2025, 7:54:15 AM",35250593209765058972590014010740545521203256,,,,
"May 23, 2025, 10:33:50 AM",35250593209765058972590014010740554379697931,,,,
"May 26, 2025, 9:48:35 AM",35250593209765058972590014010740557443787759,,,,
"May 15, 2025, 9:10:06 AM",35250593209765058972590014010740545626263496,,,,
"May 14, 2025, 1:47:55 PM",35250593209765058972590014010740544982737497,,,,
"May 25, 2025, 10:37:00 AM",35250593209765058972590014010740556593040561,,,,
"May 19, 2025, 6:52:00 PM",35250593209765058972590014010740550715814656,,,,
"May 25, 2025, 1:06:26 PM",35250593209765058972590014010740556840097114,,,,
"May 20, 2025, 8:39:42 AM",35250593209765058972590014010740550929473515,,,,
"May 19, 2025, 1:46:59 PM",35250593209765058972590014010740550360483950,,,,
"May 14, 2025, 5:22:11 PM",35250593209765058972590014010740545219438718,,,,
"May 14, 2025, 9:24:26 AM",35250593209765058972590014010740544574782775,,,,
"May 19, 2025, 1:46:59 PM",35250593209765058972590014010740550360483950,,,,
"May 14, 2025, 9:37:25 AM",35250593209765058972590014010740544615088770,,,,
"May 26, 2025, 9:00:15 AM",35250593209765058972590014010740557358435045,,,,
"May 23, 2025, 1:02:54 PM",35250593209765058972590014010740554645877738,,,,
"May 2, 2025, 10:30:26 AM",35250593209765059006590014013770564373708222,,,,
"May 7, 2025, 9:46:48 AM",35250593209765058972590014010740535172743679,,,,
"May 7, 2025, 9:09:10 AM",35250593209765058972590014010740535069700580,,,,
"May 19, 2025, 11:37:12 AM",35250593209765058972590014010740550186745923,,,,
"May 19, 2025, 1:51:56 PM",35250593209765058972590014010740550372024645,,,,
"May 16, 2025, 10:43:02 AM",35250593209765058972590014010740547195353242,,,,
"May 24, 2025, 9:15:20 AM",35250593209765058972590014010740555396378626,,,,
"May 9, 2025, 10:00:08 AM",35250593209765058972590014010740538252422814,,,,
"May 8, 2025, 3:11:20 PM",35250593209765058972590014010740537325083030,,,,
"May 14, 2025, 8:48:59 AM",35250593209765058972590014010740544503831242,,,,
"May 25, 2025, 1:09:31 PM",35250593209765058972590014010740556867980116,,,,
"May 26, 2025, 9:37:50 PM",35250593209765058972590014010740558373051013,,,,
"May 16, 2025, 4:22:21 PM",35250593209765058972590014010740547633039039,,,,
"May 25, 2025, 9:11:58 AM",35250593209765058972590014010740556485604735,,,,
"May 26, 2025, 2:00:56 PM",35250593209765058972590014010740557827232974,,,,
"May 15, 2025, 9:58:04 AM",35250593209765058972590014010740545709412685,,,,
"May 7, 2025, 10:53:10 AM",35250593209765058972590014010740535327030972,,,,
"May 13, 2025, 10:06:13 AM",35250593209765058972590014010740543561490047,,,,
"May 7, 2025, 1:10:10 PM",35250593209765058972590014010740535582232984,,,,
"May 16, 2025, 10:04:12 AM",35250593209765058972590014010740547088127230,,,,
"May 14, 2025, 9:31:27 AM",35250593209765058972590014010740544594937065,,,,
"May 20, 2025, 10:04:16 AM",35250593209765058972590014010740551035152107,,,,
"May 24, 2025, 9:14:09 AM",35250593209765058972590014010740555379611300,,,,
"May 19, 2025, 8:37:14 AM",35250593209765058972590014010740549954968650,,,,
"May 14, 2025, 8:44:06 AM",35250593209765058972590014010740544484728143,,,,
"May 2, 2025, 10:30:26 AM",35250593209765059006590014013770564373708222,,,,
"May 9, 2025, 1:21:06 PM",35250593209765058972590014010740538669900096,,,,
"May 8, 2025, 12:07:42 PM",35250593209765058972590014010740536930627690,,,,
"May 9, 2025, 10:00:08 AM",35250593209765058972590014010740538252422814,,,,
"May 8, 2025, 12:39:13 PM",35250593209765058972590014010740536971159275,,,,
"May 10, 2025, 11:00:53 AM",35250593209765058972590014010740540205818440,,,,
"May 26, 2025, 5:54:01 PM",35250593209765058972590014010740558128880681,,,,
"May 7, 2025, 1:11:45 PM",35250593209765058972590014010740535594080122,,,,
"May 19, 2025, 2:36:10 PM",35250593209765058972590014010740550424326787,,,,
"May 10, 2025, 11:03:28 AM",35250593209765058972590014010740540227008580,,,,
"May 19, 2025, 2:46:33 PM",35250593209765058972590014010740550437829685,,,,
"May 25, 2025, 1:32:27 PM",35250593209765058972590014010740556898326809,,,,
"May 10, 2025, 11:03:28 AM",35250593209765058972590014010740540227008580,,,,
"May 8, 2025, 1:02:51 PM",35250593209765058972590014010740537072885087,,,,
"May 19, 2025, 6:50:20 PM",35250593209765058972590014010740550700827587,,,,
"May 8, 2025, 3:11:20 PM",35250593209765058972590014010740537325083030,,,,
"May 7, 2025, 1:11:45 PM",35250593209765058972590014010740535594080122,,,,
"May 19, 2025, 7:01:10 PM",35250593209765058972590014010740550738219100,,,,
"May 15, 2025, 2:30:14 PM",35250593209765058972590014010740546148364332,,,,
"May 7, 2025, 2:38:09 PM",35250593209765058972590014010740535720564758,,,,
"May 13, 2025, 10:13:41 AM",35250593209765058972590014010740543582003633,,,,
"May 8, 2025, 4:26:59 PM",35250593209765058972590014010740537487371022,,,,
"May 7, 2025, 9:14:56 AM",35250593209765058972590014010740535078324137,,,,
"May 8, 2025, 3:56:02 PM",35250593209765058972590014010740537422584587,,,,
"May 19, 2025, 8:29:10 PM",35250593209765058972590014010740550818147440,,,,
"May 16, 2025, 8:35:37 AM",35250593209765058972590014010740546929696940,,,,
"May 13, 2025, 1:25:36 PM",35250593209765058972590014010740543863699941,,,,
"May 23, 2025, 11:07:16 AM",35250593209765058972590014010740554437865358,,,,
"May 8, 2025, 5:12:33 PM",35250593209765058972590014010740537595505301,,,,
"May 20, 2025, 12:45:31 PM",35250593209765058972590014010740551313719215,,,,
"May 8, 2025, 5:43:19 PM",35250593209765058972590014010740537645521666,,,,
"May 8, 2025, 5:12:33 PM",35250593209765058972590014010740537595505301,,,,
"May 23, 2025, 11:10:29 AM",35250593209765058972590014010740554443331114,,,,
"May 8, 2025, 6:08:19 PM",35250593209765058972590014010740537688015754,,,,
"May 8, 2025, 6:24:14 PM",35250593209765058972590014010740537726432531,,,,
"May 24, 2025, 9:14:09 AM",35250593209765058972590014010740555379611300,,,,
"May 8, 2025, 6:32:59 PM",35250593209765058972590014010740537735888267,,,,
"May 7, 2025, 5:53:04 PM",35250593209765058972590014010740536036055560,,,,
"May 7, 2025, 5:09:45 PM",35250593209765058972590014010740535998291133,,,,
"May 14, 2025, 6:42:06 PM",35250593209765058972590014010740545358683215,,,,
"May 8, 2025, 6:59:37 PM",35250593209765058972590014010740537793517411,,,,
"May 7, 2025, 5:53:04 PM",35250593209765058972590014010740536036055560,,,,
"May 24, 2025, 1:00:13 PM",35250593209765058972590014010740555777087260,,,,
"May 14, 2025, 9:24:26 AM",35250593209765058972590014010740544574782775,,,,
"May 7, 2025, 7:06:25 PM",35250593209765058972590014010740536125274895,,,,
"May 14, 2025, 10:18:15 AM",35250593209765058972590014010740544665414825,,,,
"May 9, 2025, 9:14:31 AM",35250593209765058972590014010740538195119160,,,,
"May 14, 2025, 10:50:25 AM",35250593209765058972590014010740544718196703,,,,
"May 7, 2025, 8:17:18 PM",35250593209765058972590014010740536267357251,,,,
"May 7, 2025, 8:39:11 PM",35250593209765058972590014010740536292191604,,,,
"May 9, 2025, 9:51:51 AM",35250593209765058972590014010740538239572280,,,,
"May 25, 2025, 10:59:54 AM",35250593209765058972590014010740556631064337,,,,
"May 7, 2025, 8:03:19 AM",35250593209765058972590014010740534993611913,,,,
"May 25, 2025, 11:04:23 AM",35250593209765058972590014010740556645580804,,,,
"May 25, 2025, 11:49:21 AM",35250593209765058972590014010740556709117158,,,,
"May 9, 2025, 10:39:56 AM",35250593209765058972590014010740538338528572,,,,
"May 7, 2025, 8:39:11 PM",35250593209765058972590014010740536292191604,,,,
"May 14, 2025, 1:51:51 PM",35250593209765058972590014010740544995868730,,,,
"May 9, 2025, 10:45:56 AM",35250593209765058972590014010740538363626264,,,,
"May 7, 2025, 8:06:02 PM",35250593209765058972590014010740536248232449,,,,
"May 16, 2025, 8:30:39 AM",35250593209765058972590014010740546896339892,,,,
"May 14, 2025, 1:47:55 PM",35250593209765058972590014010740544982737497,,,,
"May 9, 2025, 12:41:28 PM",35250593209765058972590014010740538607481189,,,,
"May 7, 2025, 9:25:54 AM",35250593209765058972590014010740535095558108,,,,
"May 24, 2025, 6:30:30 PM",35250593209765058972590014010740556217628655,,,,
"May 15, 2025, 9:02:30 AM",35250593209765058972590014010740545614085423,,,,
"May 8, 2025, 7:56:10 AM",35250593209765058972590014010740536454651613,,,,
"May 7, 2025, 10:55:38 AM",35250593209765058972590014010740535338667373,,,,
"May 9, 2025, 1:22:43 PM",35250593209765058972590014010740538677131837,,,,
"May 8, 2025, 9:01:49 AM",35250593209765058972590014010740536541699649,,,,
"May 10, 2025, 11:02:13 AM",35250593209765058972590014010740540216930793,,,,
"May 9, 2025, 11:11:08 AM",35250593209765058972590014010740538437425372,,,,
"May 8, 2025, 7:56:10 AM",35250593209765058972590014010740536454651613,,,,
"May 9, 2025, 12:32:10 PM",35250593209765058972590014010740538588938697,,,,
"May 9, 2025, 1:39:53 PM",35250593209765058972590014010740538710971002,,,,
"May 7, 2025, 10:59:31 AM",35250593209765058972590014010740535347431611,,,,
"May 25, 2025, 2:45:15 PM",35250593209765058972590014010740556996521061,,,,
"May 9, 2025, 2:12:44 PM",35250593209765058972590014010740538785379097,,,,
"May 7, 2025, 5:08:41 PM",35250593209765058972590014010740535983370083,,,,
"May 26, 2025, 8:34:37 PM",35250593209765058972590014010740558306344101,,,,
"May 27, 2025, 7:42:08 AM",35250593209765058972590014010740558396030284,,,,
"May 27, 2025, 8:24:46 AM",35250593209765058972590014010740558433043712,,,,
"May 27, 2025, 9:42:21 AM",35250593209765058972590014010740558583475111,,,,
"May 8, 2025, 9:00:42 AM",35250593209765058972590014010740536532530939,,,,
"May 9, 2025, 4:28:04 PM",35250593209765058972590014010740539096130937,,,,
"May 26, 2025, 1:55:46 PM",35250593209765058972590014010740557791989426,,,,
"May 25, 2025, 2:23:58 PM",35250593209765058972590014010740556960474942,,,,
"May 26, 2025, 2:35:38 PM",35250593209765058972590014010740557864527842,,,,
"May 20, 2025, 12:45:31 PM",35250593209765058972590014010740551313719215,,,,
"May 13, 2025, 9:33:27 AM",35250593209765058972590014010740543473876431,,,,
"May 7, 2025, 9:09:10 AM",35250593209765058972590014010740535069700580,,,,
"May 19, 2025, 10:28:35 AM",35250593209765058972590014010740550090202260,,,,
"May 9, 2025, 9:34:01 PM",35250593209765058972590014010740539731457217,,,,
"May 8, 2025, 11:47:44 AM",35250593209765058972590014010740536866818590,,,,
"May 16, 2025, 11:14:14 AM",35250593209765058972590014010740547229888984,,,,
"May 25, 2025, 6:57:47 PM",35250593209765058972590014010740557260341107,,,,
"May 16, 2025, 12:17:29 PM",35250593209765058972590014010740547266717225,,,,
"May 8, 2025, 4:46:23 PM",35250593209765058972590014010740537522125428,,,,
"May 7, 2025, 12:21:41 PM",35250593209765058972590014010740535429907849,,,,
"May 10, 2025, 8:04:24 AM",35250593209765058972590014010740539814768864,,,,
"May 8, 2025, 9:24:58 AM",35250593209765058972590014010740536620979539,,,,
"May 10, 2025, 8:36:07 AM",35250593209765058972590014010740539858385693,,,,
"May 10, 2025, 11:13:37 AM",35250593209765058972590014010740540252883490,,,,
"May 8, 2025, 6:32:59 PM",35250593209765058972590014010740537735888267,,,,
"May 7, 2025, 1:11:45 PM",35250593209765058972590014010740535594080122,,,,
"May 26, 2025, 9:07:43 AM",35250593209765058972590014010740557378133338,,,,
"May 7, 2025, 1:11:45 PM",35250593209765058972590014010740535594080122,,,,
"May 8, 2025, 9:24:58 AM",35250593209765058972590014010740536620979539,,,,
"May 10, 2025, 8:55:52 AM",35250593209765058972590014010740539897276565,,,,
"May 10, 2025, 10:44:03 AM",35250593209765058972590014010740540174241197,,,,
"May 8, 2025, 6:32:59 PM",35250593209765058972590014010740537735888267,,,,
"May 7, 2025, 8:55:20 AM",35250593209765058972590014010740535042020634,,,,
"May 19, 2025, 8:04:47 AM",35250593209765058972590014010740549916173212,,,,
"May 9, 2025, 8:44:26 PM",35250593209765058972590014010740539628939123,,,,
"May 10, 2025, 9:11:19 AM",35250593209765058972590014010740539914373268,,,,
"May 7, 2025, 9:34:48 AM",35250593209765058972590014010740535134520935,,,,
"May 23, 2025, 10:33:50 AM",35250593209765058972590014010740554379697931,,,,
"May 7, 2025, 12:39:05 PM",35250593209765058972590014010740535486333260,,,,
"May 10, 2025, 9:19:15 AM",35250593209765058972590014010740539936848285,,,,
"May 10, 2025, 9:22:50 AM",35250593209765058972590014010740539942357310,,,,
"May 8, 2025, 12:07:42 PM",35250593209765058972590014010740536930627690,,,,
"May 7, 2025, 12:49:48 PM",35250593209765058972590014010740535492327544,,,,
"May 19, 2025, 9:05:19 AM",35250593209765058972590014010740550028637887,,,,
"May 7, 2025, 9:08:29 AM",35250593209765058972590014010740535051620410,,,,
"May 10, 2025, 10:07:01 AM",35250593209765058972590014010740540066176975,,,,
"May 19, 2025, 9:09:19 AM",35250593209765058972590014010740550044746164,,,,
"May 26, 2025, 10:13:15 AM",35250593209765058972590014010740557525652148,,,,
"May 9, 2025, 2:12:44 PM",35250593209765058972590014010740538785379097,,,,
"May 19, 2025, 10:28:35 AM",35250593209765058972590014010740550090202260,,,,
"May 9, 2025, 6:21:18 PM",35250593209765058972590014010740539407704557,,,,
"May 24, 2025, 12:55:35 PM",35250593209765058972590014010740555767640030,,,,
"May 25, 2025, 12:12:30 PM",35250593209765058972590014010740556747992281,,,,
"May 27, 2025, 9:45:47 AM",35250593209765058972590014010740558600107928,,,,
"May 9, 2025, 8:44:44 AM",35250593209765058972590014010740538143533844,,,,
"May 23, 2025, 10:33:50 AM",35250593209765058972590014010740554379697931,,,,
"May 9, 2025, 11:14:16 AM",35250593209765058972590014010740538449159001,,,,
"May 15, 2025, 8:18:56 AM",35250593209765058972590014010740545551433039,,,,
"May 8, 2025, 3:56:02 PM",35250593209765058972590014010740537422584587,,,,
"May 8, 2025, 12:53:01 PM",35250593209765058972590014010740537030443477,,,,
"May 27, 2025, 9:35:36 AM",35250593209765058972590014010740558552954085,,,,
"May 27, 2025, 7:46:23 AM",35250593209765058972590014010740558410304560,,,,
"May 27, 2025, 10:02:45 AM",35250593209765058972590014010740558655423783,,,,
"May 8, 2025, 9:00:42 AM",35250593209765058972590014010740536532530939,,,,
"May 7, 2025, 11:39:54 AM",35250593209765058972590014010740535377705370,,,,
"May 16, 2025, 9:10:40 AM",35250593209765058972590014010740546972006534,,,,
"May 16, 2025, 9:13:40 AM",35250593209765058972590014010740546980998605,,,,
"May 16, 2025, 10:04:12 AM",35250593209765058972590014010740547088127230,,,,
"May 24, 2025, 10:34:04 AM",35250593209765058972590014010740555516389662,,,,
"May 16, 2025, 10:04:47 AM",35250593209765058972590014010740547098903152,,,,
"May 16, 2025, 10:05:39 AM",35250593209765058972590014010740547101720041,,,,
"May 8, 2025, 9:02:38 AM",35250593209765058972590014010740536551721965,,,,
"May 16, 2025, 10:12:33 AM",35250593209765058972590014010740547137052987,,,,
"May 8, 2025, 9:03:26 AM",35250593209765058972590014010740536560093998,,,,
"May 16, 2025, 10:33:41 AM",35250593209765058972590014010740547171041887,,,,
"May 16, 2025, 12:17:29 PM",35250593209765058972590014010740547266717225,,,,
"May 10, 2025, 8:04:24 AM",35250593209765058972590014010740539814768864,,,,
"May 7, 2025, 12:39:05 PM",35250593209765058972590014010740535486333260,,,,
"May 16, 2025, 1:02:05 PM",35250593209765058972590014010740547357184700,,,,
"May 26, 2025, 1:55:46 PM",35250593209765058972590014010740557791989426,,,,
"May 16, 2025, 8:35:37 AM",35250593209765058972590014010740546929696940,,,,
"May 8, 2025, 9:04:31 AM",35250593209765058972590014010740536576179420,,,,
"May 19, 2025, 8:04:47 AM",35250593209765058972590014010740549916173212,,,,
"May 16, 2025, 4:17:50 PM",35250593209765058972590014010740547583769861,,,,
"May 10, 2025, 9:17:25 AM",35250593209765058972590014010740539922484286,,,,
"May 16, 2025, 8:30:39 AM",35250593209765058972590014010740546896339892,,,,
"May 16, 2025, 9:13:40 AM",35250593209765058972590014010740546980998605,,,,
"May 19, 2025, 8:21:58 AM",35250593209765058972590014010740549934049706,,,,
"May 19, 2025, 8:21:58 AM",35250593209765058972590014010740549934049706,,,,
"May 10, 2025, 8:45:16 AM",35250593209765058972590014010740539866513441,,,,
"May 10, 2025, 9:19:15 AM",35250593209765058972590014010740539936848285,,,,
"May 19, 2025, 8:35:59 AM",35250593209765058972590014010740549942129640,,,,
"May 16, 2025, 12:18:30 PM",35250593209765058972590014010740547271964847,,,,
"May 7, 2025, 1:10:10 PM",35250593209765058972590014010740535582232984,,,,
"May 10, 2025, 10:08:03 AM",35250593209765058972590014010740540077262657,,,,
"May 8, 2025, 7:56:10 AM",35250593209765058972590014010740536454651613,,,,
"May 27, 2025, 9:42:21 AM",35250593209765058972590014010740558583475111,,,,
"May 10, 2025, 9:11:19 AM",35250593209765058972590014010740539914373268,,,,
"May 10, 2025, 8:04:24 AM",35250593209765058972590014010740539814768864,,,,
"May 19, 2025, 9:08:31 AM",35250593209765058972590014010740550037081128,,,,
"May 10, 2025, 10:33:57 AM",35250593209765058972590014010740540121003674,,,,
"May 19, 2025, 9:09:19 AM",35250593209765058972590014010740550044746164,,,,
"May 19, 2025, 10:51:57 AM",35250593209765058972590014010740550139394028,,,,
"May 10, 2025, 10:40:30 AM",35250593209765058972590014010740540144611352,,,,
"May 16, 2025, 7:22:47 AM",35250593209765058972590014010740546803250608,,,,
"May 8, 2025, 4:46:23 PM",35250593209765058972590014010740537522125428,,,,
"May 13, 2025, 1:25:36 PM",35250593209765058972590014010740543863699941,,,,
"May 16, 2025, 8:00:14 AM",35250593209765058972590014010740546863104632,,,,
"May 19, 2025, 1:11:22 PM",35250593209765058972590014010740550313696373,,,,
"May 8, 2025, 12:39:13 PM",35250593209765058972590014010740536971159275,,,,
"May 13, 2025, 7:51:25 AM",35250593209765058972590014010740543290578245,,,,
"May 19, 2025, 1:17:16 PM",35250593209765058972590014010740550322443660,,,,
"May 13, 2025, 7:28:42 AM",35250593209765058972590014010740543284038528,,,,
"May 16, 2025, 10:02:24 AM",35250593209765058972590014010740547078707110,,,,
"May 13, 2025, 8:41:27 AM",35250593209765058972590014010740543395231440,,,,
"May 13, 2025, 9:11:17 AM",35250593209765058972590014010740543446549018,,,,
"May 7, 2025, 2:45:36 PM",35250593209765058972590014010740535743870847,,,,
"May 13, 2025, 10:06:13 AM",35250593209765058972590014010740543561490047,,,,
"May 13, 2025, 10:10:00 AM",35250593209765058972590014010740543576641453,,,,
"May 20, 2025, 10:59:37 AM",35250593209765058972590014010740551110318798,,,,
"May 20, 2025, 11:02:30 AM",35250593209765058972590014010740551121403090,,,,
"May 7, 2025, 3:23:08 PM",35250593209765058972590014010740535830542449,,,,
"May 13, 2025, 11:08:44 AM",35250593209765058972590014010740543673113920,,,,
"May 13, 2025, 11:36:51 AM",35250593209765058972590014010740543692488488,,,,
"May 7, 2025, 8:03:19 AM",35250593209765058972590014010740534993611913,,,,
"May 13, 2025, 1:10:28 PM",35250593209765058972590014010740543846230590,,,,
"May 13, 2025, 1:27:37 PM",35250593209765058972590014010740543872741734,,,,
"May 23, 2025, 11:13:29 AM",35250593209765058972590014010740554450745719,,,,
"May 23, 2025, 11:33:34 AM",35250593209765058972590014010740554477069218,,,,
"May 19, 2025, 9:31:22 AM",35250593209765058972590014010740550082064911,,,,
"May 14, 2025, 7:35:49 AM",35250593209765058972590014010740544372576350,,,,
"May 23, 2025, 1:35:35 PM",35250593209765058972590014010740554696294128,,,,
"May 14, 2025, 8:44:06 AM",35250593209765058972590014010740544484728143,,,,
"May 24, 2025, 8:32:28 AM",35250593209765058972590014010740555306195527,,,,2097
"May 24, 2025, 9:06:17 AM",35250593209765058972590014010740555350265519,,,,2097
"May 14, 2025, 9:03:25 AM",35250593209765058972590014010740544536617525,,,,2097
"May 24, 2025, 9:14:48 AM",35250593209765058972590014010740555383185310,35250593,589.72,65,2097
"May 8, 2025, 6:32:59 PM",35250593209765058972590014010740537735888267,35250593,589.72,65,2097
"May 14, 2025, 12:02:22 PM",35250593209765058972590014010740544803229181,35250593,589.72,65,2097
"May 24, 2025, 9:31:16 AM",35250593209765058972590014010740555407376306,35250593,589.72,65,2097
"May 14, 2025, 9:04:42 AM",35250593209765058972590014010740544540984464,35250593,589.72,65,2097
"May 7, 2025, 9:14:56 AM",35250593209765058972590014010740535078324137,35250593,589.72,65,2097
"May 24, 2025, 9:31:16 AM",35250593209765058972590014010740555407376306,35250593,589.72,65,2097
"May 7, 2025, 5:09:45 PM",35250593209765058972590014010740535998291133,35250593,589.72,65,2097
"May 24, 2025, 10:22:30 AM",35250593209765058972590014010740555495179672,35250593,589.72,65,2097
"May 24, 2025, 10:34:04 AM",35250593209765058972590014010740555516389662,35250593,589.72,65,2097
"May 14, 2025, 9:24:26 AM",35250593209765058972590014010740544574782775,35250593,589.72,65,2097
"May 24, 2025, 11:47:59 AM",35250593209765058972590014010740555614556873,35250593,589.72,65,2097
"May 7, 2025, 10:11:50 AM",35250593209765058972590014010740535257906750,35250593,589.72,65,2097
"May 24, 2025, 12:23:54 PM",35250593209765058972590014010740555675281327,35250593,589.72,65,2097
"May 14, 2025, 9:31:27 AM",35250593209765058972590014010740544594937065,35250593,589.72,65,2097
"May 24, 2025, 7:16:56 AM",35250593209765058972590014010740555248464095,35250593,589.72,65,2097
"May 24, 2025, 12:53:55 PM",35250593209765058972590014010740555748789090,35250593,589.72,65,2097
"May 24, 2025, 12:54:39 PM",35250593209765058972590014010740555754539726,35250593,589.72,65,2097
"May 24, 2025, 1:00:13 PM",35250593209765058972590014010740555777087260,35250593,589.72,65,2097
"May 7, 2025, 8:06:02 PM",35250593209765058972590014010740536248232449,35250593,589.72,65,2097
"May 7, 2025, 5:08:41 PM",35250593209765058972590014010740535983370083,35250593,589.72,65,2097
"May 7, 2025, 9:14:56 AM",35250593209765058972590014010740535078324137,35250593,589.72,65,2097
"May 25, 2025, 8:59:16 AM",35250593209765058972590014010740556458331731,35250593,589.72,65,2097
"May 25, 2025, 9:11:58 AM",35250593209765058972590014010740556485604735,35250593,589.72,65,2097
"May 9, 2025, 9:14:31 AM",35250593209765058972590014010740538195119160,35250593,589.72,65,2097
"May 7, 2025, 10:26:13 AM",35250593209765058972590014010740535260772654,35250593,589.72,65,2097
"May 25, 2025, 10:37:00 AM",35250593209765058972590014010740556593040561,35250593,589.72,65,2097
"May 9, 2025, 9:18:19 AM",35250593209765058972590014010740538205711201,35250593,589.72,65,2097
"May 14, 2025, 11:21:33 AM",35250593209765058972590014010740544774144721,35250593,589.72,65,2097
"May 25, 2025, 10:45:58 AM",35250593209765058972590014010740556607585560,35250593,589.72,65,2097
"May 27, 2025, 9:47:29 AM",35250593209765058972590014010740558620624200,35250593,589.72,65,2097
"May 27, 2025, 10:26:50 AM",35250593209765058972590014010740558684669930,35250593,589.72,65,2097
"May 25, 2025, 12:34:37 PM",35250593209765058972590014010740556764421440,35250593,589.72,65,2097
"May 25, 2025, 1:58:39 PM",35250593209765058972590014010740556912256051,35250593,589.72,65,2097
"May 13, 2025, 10:06:13 AM",35250593209765058972590014010740543561490047,35250593,589.72,65,2097
"May 7, 2025, 10:32:44 AM",35250593209765058972590014010740535284834722,35250593,589.72,65,2097
"May 14, 2025, 5:22:11 PM",35250593209765058972590014010740545219438718,35250593,589.72,65,2097
"May 9, 2025, 11:11:08 AM",35250593209765058972590014010740538437425372,35250593,589.72,65,2097
"May 26, 2025, 8:44:51 AM",35250593209765058972590014010740557344409683,35250593,589.72,65,2097
"May 8, 2025, 1:02:51 PM",35250593209765058972590014010740537072885087,35250593,589.72,65,2097
"May 26, 2025, 9:07:43 AM",35250593209765058972590014010740557378133338,35250593,589.72,65,2097
"May 26, 2025, 9:28:13 AM",35250593209765058972590014010740557408866257,35250593,589.72,65,2097
"May 15, 2025, 8:31:45 AM",35250593209765058972590014010740545567485866,35250593,589.72,65,2097
"May 23, 2025, 1:02:54 PM",35250593209765058972590014010740554645877738,35250593,589.72,65,2097
"May 15, 2025, 9:01:54 AM",35250593209765058972590014010740545607271020,35250593,589.72,65,2097
"May 26, 2025, 10:29:37 AM",35250593209765058972590014010740557561409029,35250593,589.72,65,2097
"May 26, 2025, 10:46:11 AM",35250593209765058972590014010740557582712480,35250593,589.72,65,2097
"May 9, 2025, 1:22:43 PM",35250593209765058972590014010740538677131837,35250593,589.72,65,2097
"May 10, 2025, 10:41:25 AM",35250593209765058972590014010740540152845324,35250593,589.72,65,2097
"May 16, 2025, 8:27:49 AM",35250593209765058972590014010740546880565189,35250593,589.72,65,2097
"May 15, 2025, 9:58:04 AM",35250593209765058972590014010740545709412685,35250593,589.72,65,2097
"May 27, 2025, 8:24:46 AM",35250593209765058972590014010740558433043712,35250593,589.72,65,2097
"May 26, 2025, 7:08:10 PM",35250593209765058972590014010740558158370746,35250593,589.72,65,2097
"May 26, 2025, 7:20:02 PM",35250593209765058972590014010740558165478123,35250593,589.72,65,2097
"May 26, 2025, 2:00:56 PM",35250593209765058972590014010740557827232974,35250593,589.72,65,2097
"May 24, 2025, 12:23:00 PM",35250593209765058972590014010740555669930645,35250593,589.72,65,2097
"May 26, 2025, 7:08:10 PM",35250593209765058972590014010740558158370746,35250593,589.72,65,2097
"May 26, 2025, 9:54:36 AM",35250593209765058972590014010740557487310320,35250593,589.72,65,2097
"May 23, 2025, 10:33:50 AM",35250593209765058972590014010740554379697931,35250593,589.72,65,2097
"May 27, 2025, 1:17:04 PM",35250593209765058972590014010740558898498304,35250593,589.72,65,2097
"May 8, 2025, 12:07:42 PM",35250593209765058972590014010740536930627690,35250593,589.72,65,2097
"May 8, 2025, 12:07:42 PM",35250593209765058972590014010740536930627690,35250593,589.72,65,2097
"May 19, 2025, 12:38:25 PM",35250593209765058972590014010740550240012879,35250593,589.72,65,2097
"May 10, 2025, 11:03:28 AM",35250593209765058972590014010740540227008580,35250593,589.72,65,2097
"May 19, 2025, 2:46:33 PM",35250593209765058972590014010740550437829685,35250593,589.72,65,2097
"May 19, 2025, 7:01:10 PM",35250593209765058972590014010740550738219100,35250593,589.72,65,2097
"May 20, 2025, 10:49:18 AM",35250593209765058972590014010740551075833288,35250593,589.72,65,2097
"May 20, 2025, 10:49:18 AM",35250593209765058972590014010740551075833288,35250593,589.72,65,2097
"May 20, 2025, 12:45:31 PM",35250593209765058972590014010740551313719215,35250593,589.72,65,2097
"May 20, 2025, 3:37:48 PM",35250593209765058972590014010740551637619429,35250593,589.72,65,2097
"May 23, 2025, 10:33:50 AM",35250593209765058972590014010740554379697931,35250593,589.72,65,2097
"May 8, 2025, 5:12:33 PM",35250593209765058972590014010740537595505301,35250593,589.72,65,2097
"May 24, 2025, 12:40:52 PM",35250593209765058972590014010740555697424104,35250593,589.72,65,2097
"May 24, 2025, 4:48:58 PM",35250593209765058972590014010740556083500935,35250593,589.72,65,2097
"May 24, 2025, 7:26:15 PM",35250593209765058972590014010740556335966984,35250593,589.72,65,2097
"May 14, 2025, 10:22:06 AM",35250593209765058972590014010740544675413562,35250593,589.72,65,2097
"May 25, 2025, 11:04:23 AM",35250593209765058972590014010740556645580804,35250593,589.72,65,2097
"May 14, 2025, 12:21:21 PM",35250593209765058972590014010740544829498040,35250593,589.72,65,2097
"May 19, 2025, 5:50:07 PM",35250593209765058972590014010740550667409335,35250593,589.72,65,2097
"May 14, 2025, 12:34:42 PM",35250593209765058972590014010740544847965380,35250593,589.72,65,2097
"May 9, 2025, 10:17:45 AM",35250593209765058972590014010740538285736095,35250593,589.72,65,2097
"May 25, 2025, 6:43:20 PM",35250593209765058972590014010740557242754209,35250593,589.72,65,2097
"May 25, 2025, 6:57:47 PM",35250593209765058972590014010740557260341107,35250593,589.72,65,2097
"May 20, 2025, 11:50:16 AM",35250593209765058972590014010740551184049057,35250593,589.72,65,2097
"May 7, 2025, 8:39:11 PM",35250593209765058972590014010740536292191604,35250593,589.72,65,2097
"May 15, 2025, 7:54:15 AM",35250593209765058972590014010740545521203256,35250593,589.72,65,2097
"May 26, 2025, 9:38:05 AM",35250593209765058972590014010740557437500540,35250593,589.72,65,2097
"May 26, 2025, 10:14:23 AM",35250593209765058972590014010740557536653272,35250593,589.72,65,2097
"May 19, 2025, 6:52:00 PM",35250593209765058972590014010740550715814656,35250593,589.72,65,2097
"May 15, 2025, 9:51:41 AM",35250593209765058972590014010740545676008422,35250593,589.72,65,2097
"May 26, 2025, 1:56:54 PM",35250593209765058972590014010740557806799126,35250593,589.72,65,2097
"May 9, 2025, 2:12:44 PM",35250593209765058972590014010740538785379097,35250593,589.72,65,2097
"May 15, 2025, 2:46:19 PM",35250593209765058972590014010740546177043719,35250593,589.72,65,2097
"May 9, 2025, 2:16:04 PM",35250593209765058972590014010740538793332304,35250593,589.72,65,2097
"May 27, 2025, 12:07:16 PM",35250593209765058972590014010740558809138633,35250593,589.72,65,2097
"May 27, 2025, 12:29:36 PM",35250593209765058972590014010740558832151527,35250593,589.72,65,2097
"May 9, 2025, 5:57:11 PM",35250593209765058972590014010740539333035665,35250593,589.72,65,2097
"May 16, 2025, 11:14:14 AM",35250593209765058972590014010740547229888984,35250593,589.72,65,2097
"May 16, 2025, 1:02:05 PM",35250593209765058972590014010740547357184700,35250593,589.72,65,2097
"May 10, 2025, 8:45:56 AM",35250593209765058972590014010740539871696338,35250593,589.72,65,2097
"May 19, 2025, 9:05:19 AM",35250593209765058972590014010740550028637887,35250593,589.72,65,2097
"May 2, 2025, 10:30:26 AM",35250593209765059006590014013770564373708222,35250593,590.06,65,2097
"May 14, 2025, 9:24:26 AM",35250593209765058972590014010740544574782775,35250593,589.72,65,2097
"May 27, 2025, 1:49:57 PM",35250593209765058972590014010740558958764455,35250593,589.72,65,2097
"May 24, 2025, 12:53:55 PM",35250593209765058972590014010740555748789090,35250593,589.72,65,2097
"May 9, 2025, 6:21:18 PM",35250593209765058972590014010740539407704557,35250593,589.72,65,2097
"May 10, 2025, 11:02:13 AM",35250593209765058972590014010740540216930793,35250593,589.72,65,2097
"May 8, 2025, 12:53:01 PM",35250593209765058972590014010740537030443477,35250593,589.72,65,2097
"May 9, 2025, 8:44:26 PM",35250593209765058972590014010740539628939123,35250593,589.72,65,2097
"May 7, 2025, 9:52:03 AM",35250593209765058972590014010740535209338365,35250593,589.72,65,2097
"May 19, 2025, 5:18:39 PM",35250593209765058972590014010740550627146139,35250593,589.72,65,2097
"May 13, 2025, 10:34:48 AM",35250593209765058972590014010740543603016968,35250593,589.72,65,2097
"May 7, 2025, 9:54:00 AM",35250593209765058972590014010740535221687919,35250593,589.72,65,2097
"May 24, 2025, 10:34:04 AM",35250593209765058972590014010740555516389662,35250593,589.72,65,2097
"May 9, 2025, 4:28:04 PM",35250593209765058972590014010740539096130937,35250593,589.72,65,2097
"May 9, 2025, 7:37:40 AM",35250593209765058972590014010740538064411452,35250593,589.72,65,2097
"May 19, 2025, 10:31:26 AM",35250593209765058972590014010740550101894422,35250593,589.72,65,2097
"May 19, 2025, 1:20:29 PM",35250593209765058972590014010740550348094183,35250593,589.72,65,2097
"May 26, 2025, 9:48:35 AM",35250593209765058972590014010740557443787759,35250593,589.72,65,2097
"May 26, 2025, 11:06:13 AM",35250593209765058972590014010740557617048255,35250593,589.72,65,2097
"May 9, 2025, 1:22:43 PM",35250593209765058972590014010740538677131837,35250593,589.72,65,2097
"May 15, 2025, 10:57:17 AM",35250593209765058972590014010740545783300666,35250593,589.72,65,2097
"May 27, 2025, 7:42:08 AM",35250593209765058972590014010740558396030284,35250593,589.72,65,2097
"May 7, 2025, 1:11:45 PM",35250593209765058972590014010740535594080122,35250593,589.72,65,2097
"May 7, 2025, 12:21:41 PM",35250593209765058972590014010740535429907849,35250593,589.72,65,2097
"May 8, 2025, 11:44:55 AM",35250593209765058972590014010740536825771239,35250593,589.72,65,2097
"May 27, 2025, 11:34:18 AM",35250593209765058972590014010740558726389418,35250593,589.72,65,2097
"May 10, 2025, 8:47:18 AM",35250593209765058972590014010740539882424350,35250593,589.72,65,2097
"May 10, 2025, 11:03:28 AM",35250593209765058972590014010740540227008580,35250593,589.72,65,2097
"May 7, 2025, 9:47:48 PM",35250593209765058972590014010740536430545490,35250593,589.72,65,2097
"May 10, 2025, 10:05:08 AM",35250593209765058972590014010740540052877453,35250593,589.72,65,2097
"May 7, 2025, 3:25:04 PM",35250593209765058972590014010740535843115943,35250593,589.72,65,2097
"May 23, 2025, 12:59:52 PM",35250593209765058972590014010740554635266710,35250593,589.72,65,2097
"May 8, 2025, 6:32:59 PM",35250593209765058972590014010740537735888267,35250593,589.72,65,2097
"May 9, 2025, 9:18:19 AM",35250593209765058972590014010740538205711201,35250593,589.72,65,2097
"May 25, 2025, 11:26:55 AM",35250593209765058972590014010740556666437571,35250593,589.72,65,2097
"May 25, 2025, 6:49:35 PM",35250593209765058972590014010740557255899391,35250593,589.72,65,2097
"May 10, 2025, 8:02:55 AM",35250593209765058972590014010740539808378480,35250593,589.72,65,2097
"May 13, 2025, 9:33:27 AM",35250593209765058972590014010740543473876431,35250593,589.72,65,2097
"May 19, 2025, 7:31:33 AM",35250593209765058972590014010740549904575159,35250593,589.72,65,2097
"May 19, 2025, 8:53:19 AM",35250593209765058972590014010740549988379607,35250593,589.72,65,2097
"May 14, 2025, 9:04:42 AM",35250593209765058972590014010740544540984464,35250593,589.72,65,2097
"May 19, 2025, 11:41:51 AM",35250593209765058972590014010740550202405524,35250593,589.72,65,2097
"May 24, 2025, 11:59:05 AM",35250593209765058972590014010740555645710815,35250593,589.72,65,2097
"May 19, 2025, 6:50:20 PM",35250593209765058972590014010740550700827587,35250593,589.72,65,2097
"May 13, 2025, 8:38:20 AM",35250593209765058972590014010740543389234238,35250593,589.72,65,2097
"May 14, 2025, 9:31:27 AM",35250593209765058972590014010740544594937065,35250593,589.72,65,2097
"May 8, 2025, 4:26:59 PM",35250593209765058972590014010740537487371022,35250593,589.72,65,2097
"May 20, 2025, 11:12:02 AM",35250593209765058972590014010740551132339887,35250593,589.72,65,2097
"May 20, 2025, 11:33:41 AM",35250593209765058972590014010740551167171010,35250593,589.72,65,2097
"May 23, 2025, 11:10:29 AM",35250593209765058972590014010740554443331114,35250593,589.72,65,2097
"May 23, 2025, 12:22:02 PM",35250593209765058972590014010740554556751887,35250593,589.72,65,2097
"May 8, 2025, 11:45:30 AM",35250593209765058972590014010740536831879119,35250593,589.72,65,2097
"May 14, 2025, 9:54:48 AM",35250593209765058972590014010740544632322417,35250593,589.72,65,2097
"May 25, 2025, 9:11:58 AM",35250593209765058972590014010740556485604735,35250593,589.72,65,2097
"May 25, 2025, 9:43:10 AM",35250593209765058972590014010740556517536241,35250593,589.72,65,2097
"May 14, 2025, 11:13:48 AM",35250593209765058972590014010740544744885030,35250593,589.72,65,2097
"May 25, 2025, 12:09:26 PM",35250593209765058972590014010740556717123153,35250593,589.72,65,2097
"May 9, 2025, 10:19:35 AM",35250593209765058972590014010740538293972916,35250593,589.72,65,2097
"May 25, 2025, 2:23:03 PM",35250593209765058972590014010740556954199528,35250593,589.72,65,2097
"May 25, 2025, 3:32:41 PM",35250593209765058972590014010740557088247802,35250593,589.72,65,2097
"May 19, 2025, 1:55:15 PM",35250593209765058972590014010740550382615921,35250593,589.72,65,2097
"May 26, 2025, 7:51:41 AM",35250593209765058972590014010740557328257378,35250593,589.72,65,2097
"May 26, 2025, 10:20:30 AM",35250593209765058972590014010740557544481787,35250593,589.72,65,2097
"May 26, 2025, 1:33:25 PM",35250593209765058972590014010740557763475740,35250593,589.72,65,2097
"May 27, 2025, 8:45:44 AM",35250593209765058972590014010740558490564980,35250593,589.72,65,2097
"May 8, 2025, 9:01:49 AM",35250593209765058972590014010740536541699649,35250593,589.72,65,2097
"May 27, 2025, 12:06:14 PM",35250593209765058972590014010740558795626717,35250593,589.72,65,2097
"May 16, 2025, 8:51:02 AM",35250593209765058972590014010740546950689876,35250593,589.72,65,2097
"May 27, 2025, 2:05:16 PM",35250593209765058972590014010740559004549795,35250593,589.72,65,2097
"May 9, 2025, 8:49:52 PM",35250593209765058972590014010740539658227741,35250593,589.72,65,2097
"Feb 20, 2025, 11:34:05 AM",35250293209765058972590014010740431840623581,35250293,589.72,65,2097
"May 16, 2025, 12:20:42 PM",35250593209765058972590014010740547288356250,35250593,589.72,65,2097
"May 8, 2025, 12:07:42 PM",35250593209765058972590014010740536930627690,35250593,589.72,65,2097
"May 25, 2025, 10:45:58 AM",35250593209765058972590014010740556607585560,35250593,589.72,65,2097
"May 19, 2025, 9:31:22 AM",35250593209765058972590014010740550082064911,35250593,589.72,65,2097
"May 13, 2025, 7:51:25 AM",35250593209765058972590014010740543290578245,35250593,589.72,65,2097
"May 20, 2025, 10:49:18 AM",35250593209765058972590014010740551075833288,35250593,589.72,65,2097
"May 19, 2025, 11:41:51 AM",35250593209765058972590014010740550202405524,35250593,589.72,65,2097
"May 19, 2025, 1:11:22 PM",35250593209765058972590014010740550313696373,35250593,589.72,65,2097
"May 13, 2025, 10:33:48 AM",35250593209765058972590014010740543595149429,35250593,589.72,65,2097
"May 19, 2025, 7:01:10 PM",35250593209765058972590014010740550738219100,35250593,589.72,65,2097
"May 19, 2025, 5:50:07 PM",35250593209765058972590014010740550667409335,35250593,589.72,65,2097
"May 19, 2025, 6:50:20 PM",35250593209765058972590014010740550700827587,35250593,589.72,65,2097
"May 19, 2025, 6:52:00 PM",35250593209765058972590014010740550715814656,35250593,589.72,65,2097
"May 20, 2025, 11:33:41 AM",35250593209765058972590014010740551167171010,35250593,589.72,65,2097
"May 23, 2025, 10:33:50 AM",35250593209765058972590014010740554379697931,35250593,589.72,65,2097
"May 23, 2025, 11:07:16 AM",35250593209765058972590014010740554437865358,35250593,589.72,65,2097
"May 23, 2025, 11:13:29 AM",35250593209765058972590014010740554450745719,35250593,589.72,65,2097
"May 14, 2025, 8:44:06 AM",35250593209765058972590014010740544484728143,35250593,589.72,65,2097
"May 24, 2025, 8:32:28 AM",35250593209765058972590014010740555306195527,35250593,589.72,65,2097
"May 24, 2025, 9:14:48 AM",35250593209765058972590014010740555383185310,35250593,589.72,65,2097
"May 24, 2025, 9:51:04 AM",35250593209765058972590014010740555436674816,35250593,589.72,65,2097
"May 24, 2025, 10:14:49 AM",35250593209765058972590014010740555470251256,35250593,589.72,65,2097
"May 14, 2025, 9:04:42 AM",35250593209765058972590014010740544540984464,35250593,589.72,65,2097
"May 24, 2025, 11:00:49 AM",35250593209765058972590014010740555538857472,35250593,589.72,65,2097
"May 24, 2025, 12:23:54 PM",35250593209765058972590014010740555675281327,35250593,589.72,65,2097
"May 24, 2025, 12:49:31 PM",35250593209765058972590014010740555715871510,35250593,589.72,65,2097
"May 24, 2025, 12:55:35 PM",35250593209765058972590014010740555767640030,35250593,589.72,65,2097
"May 24, 2025, 7:26:15 PM",35250593209765058972590014010740556335966984,35250593,589.72,65,2097
"May 14, 2025, 11:13:48 AM",35250593209765058972590014010740544744885030,35250593,589.72,65,2097
"May 25, 2025, 8:59:16 AM",35250593209765058972590014010740556458331731,35250593,589.72,65,2097
"May 14, 2025, 11:21:33 AM",35250593209765058972590014010740544774144721,35250593,589.72,65,2097
"May 25, 2025, 9:50:12 AM",35250593209765058972590014010740556522760146,35250593,589.72,65,2097
"May 25, 2025, 10:37:00 AM",35250593209765058972590014010740556593040561,35250593,589.72,65,2097
"May 19, 2025, 9:09:42 AM",35250593209765058972590014010740550058767959,35250593,589.72,65,2097
"May 14, 2025, 5:22:11 PM",35250593209765058972590014010740545219438718,35250593,589.72,65,2097
"May 24, 2025, 9:31:16 AM",35250593209765058972590014010740555407376306,35250593,589.72,65,2097
"May 14, 2025, 6:42:06 PM",35250593209765058972590014010740545358683215,35250593,589.72,65,2097
"May 26, 2025, 7:51:41 AM",35250593209765058972590014010740557328257378,35250593,589.72,65,2097
"May 23, 2025, 12:22:02 PM",35250593209765058972590014010740554556751887,35250593,589.72,65,2097
"May 26, 2025, 9:28:13 AM",35250593209765058972590014010740557408866257,35250593,589.72,65,2097
"May 26, 2025, 9:48:35 AM",35250593209765058972590014010740557443787759,35250593,589.72,65,2097
"May 26, 2025, 10:14:23 AM",35250593209765058972590014010740557536653272,35250593,589.72,65,2097
"May 15, 2025, 9:10:06 AM",35250593209765058972590014010740545626263496,35250593,589.72,65,2097
"May 15, 2025, 9:51:41 AM",35250593209765058972590014010740545676008422,35250593,589.72,65,2097
"May 15, 2025, 9:54:34 AM",35250593209765058972590014010740545694603434,35250593,589.72,65,2097
"May 13, 2025, 11:36:51 AM",35250593209765058972590014010740543692488488,35250593,589.72,65,2097
"May 15, 2025, 10:40:52 AM",35250593209765058972590014010740545752342103,35250593,589.72,65,2097
"May 26, 2025, 5:54:01 PM",35250593209765058972590014010740558128880681,35250593,589.72,65,2097
"May 27, 2025, 7:45:34 AM",35250593209765058972590014010740558407410924,35250593,589.72,65,2097
"May 27, 2025, 7:46:23 AM",35250593209765058972590014010740558410304560,35250593,589.72,65,2097
"May 27, 2025, 9:47:29 AM",35250593209765058972590014010740558620624200,35250593,589.72,65,2097
"May 27, 2025, 9:57:47 AM",35250593209765058972590014010740558633440901,35250593,589.72,65,2097
"May 27, 2025, 12:06:14 PM",35250593209765058972590014010740558795626717,35250593,589.72,65,2097
"May 27, 2025, 1:49:57 PM",35250593209765058972590014010740558958764455,35250593,589.72,65,2097
"May 19, 2025, 11:37:12 AM",35250593209765058972590014010740550186745923,35250593,589.72,65,2097
"May 16, 2025, 9:10:40 AM",35250593209765058972590014010740546972006534,35250593,589.72,65,2097
"May 16, 2025, 9:13:40 AM",35250593209765058972590014010740546980998605,35250593,589.72,65,2097
"May 16, 2025, 10:02:24 AM",35250593209765058972590014010740547078707110,35250593,589.72,65,2097
"May 16, 2025, 10:06:13 AM",35250593209765058972590014010740547112658504,35250593,589.72,65,2097
"May 27, 2025, 1:57:12 PM",35250593209765058972590014010740558982851176,35250593,589.72,65,2097
"May 16, 2025, 12:20:42 PM",35250593209765058972590014010740547288356250,35250593,589.72,65,2097
"May 16, 2025, 4:17:50 PM",35250593209765058972590014010740547583769861,35250593,589.72,65,2097
"May 19, 2025, 8:21:58 AM",35250593209765058972590014010740549934049706,35250593,589.72,65,2097
"May 13, 2025, 9:11:17 AM",35250593209765058972590014010740543446549018,35250593,589.72,65,2097
"May 8, 2025, 3:49:43 PM",35250593209765058972590014010740537415484246,35250593,589.72,65,2097
"May 2, 2025, 10:30:26 AM",35250593209765059006590014013770564373708222,35250593,590.06,65,2097
"May 29, 2025, 10:03:53 AM",35250593209765058972590014014450918360850983,35250593,589.72,65,2097
"May 29, 2025, 10:03:53 AM",35250593209765058972590014014450918360850983,35250593,589.72,65,2097
"May 2, 2025, 10:30:26 AM",35250593209765059006590014013770564373708222,35250593,590.06,65,2097
"May 13, 2025, 8:02:48 AM",35250593209765058972590014010740543329975673,35250593,589.72,65,2097
"May 26, 2025, 7:08:10 PM",35250593209765058972590014010740558158370746,35250593,589.72,65,2097
"May 20, 2025, 9:42:14 AM",35250593209765058972590014010740550998314480,35250593,589.72,65,2097
"May 8, 2025, 3:49:43 PM",35250593209765058972590014010740537415484246,35250593,589.72,65,2097
"May 9, 2025, 5:58:06 PM",35250593209765058972590014010740539349832764,35250593,589.72,65,2097
"May 7, 2025, 8:39:11 PM",35250593209765058972590014010740536292191604,35250593,589.72,65,2097
"May 7, 2025, 12:21:41 PM",35250593209765058972590014010740535429907849,35250593,589.72,65,2097
"May 16, 2025, 11:00:27 AM",35250593209765058972590014010740547211800171,35250593,589.72,65,2097
"May 16, 2025, 4:22:21 PM",35250593209765058972590014010740547633039039,35250593,589.72,65,2097
"May 19, 2025, 11:37:12 AM",35250593209765058972590014010740550186745923,35250593,589.72,65,2097
"May 8, 2025, 6:32:59 PM",35250593209765058972590014010740537735888267,35250593,589.72,65,2097
"May 20, 2025, 12:45:31 PM",35250593209765058972590014010740551313719215,35250593,589.72,65,2097
"May 24, 2025, 12:41:51 PM",35250593209765058972590014010740555704806496,35250593,589.72,65,2097
"May 8, 2025, 12:44:41 PM",35250593209765058972590014010740537003210548,35250593,589.72,65,2097
"May 14, 2025, 1:29:31 PM",35250593209765058972590014010740544958938348,35250593,589.72,65,2097
"May 25, 2025, 1:32:27 PM",35250593209765058972590014010740556898326809,35250593,589.72,65,2097
"May 25, 2025, 2:23:58 PM",35250593209765058972590014010740556960474942,35250593,589.72,65,2097
"May 7, 2025, 9:47:48 PM",35250593209765058972590014010740536430545490,35250593,589.72,65,2097
"May 25, 2025, 5:40:51 PM",35250593209765058972590014010740557229152160,35250593,589.72,65,2097
"May 26, 2025, 7:20:02 PM",35250593209765058972590014010740558165478123,35250593,589.72,65,2097
"May 27, 2025, 7:45:34 AM",35250593209765058972590014010740558407410924,35250593,589.72,65,2097
"May 10, 2025, 8:36:07 AM",35250593209765058972590014010740539858385693,35250593,589.72,65,2097
"May 19, 2025, 8:37:14 AM",35250593209765058972590014010740549954968650,35250593,589.72,65,2097
"May 8, 2025, 11:47:44 AM",35250593209765058972590014010740536866818590,35250593,589.72,65,2097
"May 24, 2025, 8:21:04 AM",35250593209765058972590014010740555274156831,35250593,589.72,65,2097
"May 14, 2025, 9:37:25 AM",35250593209765058972590014010740544615088770,35250593,589.72,65,2097
"May 8, 2025, 8:58:50 AM",35250593209765058972590014010740536523309230,35250593,589.72,65,2097
"May 7, 2025, 9:25:54 AM",35250593209765058972590014010740535095558108,35250593,589.72,65,2097
"May 19, 2025, 8:37:14 AM",35250593209765058972590014010740549954968650,35250593,589.72,65,2097
"May 16, 2025, 8:36:03 AM",35250593209765058972590014010740546934683982,35250593,589.72,65,2097
"May 27, 2025, 1:57:12 PM",35250593209765058972590014010740558982851176,35250593,589.72,65,2097
"May 16, 2025, 10:06:13 AM",35250593209765058972590014010740547112658504,35250593,589.72,65,2097
"May 7, 2025, 2:45:36 PM",35250593209765058972590014010740535743870847,35250593,589.72,65,2097
"May 25, 2025, 12:10:59 PM",35250593209765058972590014010740556722853938,35250593,589.72,65,2097
"May 13, 2025, 10:33:48 AM",35250593209765058972590014010740543595149429,35250593,589.72,65,2097
"May 7, 2025, 10:32:44 AM",35250593209765058972590014010740535284834722,35250593,589.72,65,2097
"May 15, 2025, 11:48:50 AM",35250593209765058972590014010740545916395379,35250593,589.72,65,2097
"May 19, 2025, 10:28:35 AM",35250593209765058972590014010740550090202260,35250593,589.72,65,2097
"May 27, 2025, 6:43:23 PM",35250593209765058972590014010740559387326328,35250593,589.72,65,2097
"May 25, 2025, 11:49:21 AM",35250593209765058972590014010740556709117158,35250593,589.72,65,2097
"May 19, 2025, 8:50:22 AM",35250593209765058972590014010740549972997942,35250593,589.72,65,2097
"May 24, 2025, 8:27:38 AM",35250593209765058972590014010740555289923132,35250593,589.72,65,2097
"May 25, 2025, 11:26:55 AM",35250593209765058972590014010740556666437571,35250593,589.72,65,2097
"May 14, 2025, 1:00:55 PM",35250593209765058972590014010740544919986647,35250593,589.72,65,2097
"May 14, 2025, 8:58:34 AM",35250593209765058972590014010740544521511165,35250593,589.72,65,2097
"May 8, 2025, 6:59:37 PM",35250593209765058972590014010740537793517411,35250593,589.72,65,2097
"May 24, 2025, 12:53:55 PM",35250593209765058972590014010740555748789090,35250593,589.72,65,2097
"May 14, 2025, 9:37:25 AM",35250593209765058972590014010740544615088770,35250593,589.72,65,2097
"May 25, 2025, 10:45:58 AM",35250593209765058972590014010740556607585560,35250593,589.72,65,2097
"May 13, 2025, 1:25:36 PM",35250593209765058972590014010740543863699941,35250593,589.72,65,2097
"May 26, 2025, 9:00:15 AM",35250593209765058972590014010740557358435045,35250593,589.72,65,2097
"May 15, 2025, 8:14:27 AM",35250593209765058972590014010740545541830523,35250593,589.72,65,2097
"May 26, 2025, 10:13:15 AM",35250593209765058972590014010740557525652148,35250593,589.72,65,2097
"May 26, 2025, 10:13:15 AM",35250593209765058972590014010740557525652148,35250593,589.72,65,2097
"May 26, 2025, 7:49:41 PM",35250593209765058972590014010740558222563198,35250593,589.72,65,2097
"May 8, 2025, 8:58:50 AM",35250593209765058972590014010740536523309230,35250593,589.72,65,2097
"May 16, 2025, 8:51:02 AM",35250593209765058972590014010740546950689876,35250593,589.72,65,2097
"May 10, 2025, 10:05:08 AM",35250593209765058972590014010740540052877453,35250593,589.72,65,2097
"May 7, 2025, 12:39:05 PM",35250593209765058972590014010740535486333260,35250593,589.72,65,2097
"May 10, 2025, 10:44:03 AM",35250593209765058972590014010740540174241197,35250593,589.72,65,2097
"May 10, 2025, 9:17:25 AM",35250593209765058972590014010740539922484286,35250593,589.72,65,2097
"May 10, 2025, 10:41:25 AM",35250593209765058972590014010740540152845324,35250593,589.72,65,2097
"May 8, 2025, 12:07:42 PM",35250593209765058972590014010740536930627690,35250593,589.72,65,2097
"May 8, 2025, 3:56:02 PM",35250593209765058972590014010740537422584587,35250593,589.72,65,2097
"May 8, 2025, 4:33:56 PM",35250593209765058972590014010740537495185194,35250593,589.72,65,2097
"May 7, 2025, 3:49:19 PM",35250593209765058972590014010740535895939912,35250593,589.72,65,2097
"May 7, 2025, 10:11:50 AM",35250593209765058972590014010740535257906750,35250593,589.72,65,2097
"May 7, 2025, 7:13:54 PM",35250593209765058972590014010740536136143720,35250593,589.72,65,2097
"May 9, 2025, 8:22:30 AM",35250593209765058972590014010740538132109892,35250593,589.72,65,2097
"May 9, 2025, 8:44:44 AM",35250593209765058972590014010740538143533844,35250593,589.72,65,2097
"May 10, 2025, 11:00:53 AM",35250593209765058972590014010740540205818440,35250593,589.72,65,2097
"May 7, 2025, 10:31:48 AM",35250593209765058972590014010740535273867152,35250593,589.72,65,2097
"May 7, 2025, 8:43:32 AM",35250593209765058972590014010740535025608246,35250593,589.72,65,2097
"May 8, 2025, 8:58:50 AM",35250593209765058972590014010740536523309230,35250593,589.72,65,2097
"May 7, 2025, 9:25:54 AM",35250593209765058972590014010740535095558108,35250593,589.72,65,2097
"May 9, 2025, 5:58:06 PM",35250593209765058972590014010740539349832764,35250593,589.72,65,2097
"May 9, 2025, 8:49:52 PM",35250593209765058972590014010740539658227741,35250593,589.72,65,2097
"May 8, 2025, 9:03:26 AM",35250593209765058972590014010740536560093998,35250593,589.72,65,2097
"May 8, 2025, 9:02:38 AM",35250593209765058972590014010740536551721965,35250593,589.72,65,2097
"May 10, 2025, 8:02:55 AM",35250593209765058972590014010740539808378480,35250593,589.72,65,2097
"May 10, 2025, 10:03:22 AM",35250593209765058972590014010740540048214372,35250593,589.72,65,2097
"May 2, 2025, 10:30:26 AM",35250593209765059006590014013770564373708222,35250593,590.06,65,2097
"May 19, 2025, 2:51:36 PM",35250593209765058972590014010740550455327122,35250593,589.72,65,2097
"May 19, 2025, 8:55:28 AM",35250593209765058972590014010740549992535278,35250593,589.72,65,2097
"May 8, 2025, 11:47:44 AM",35250593209765058972590014010740536866818590,35250593,589.72,65,2097
"May 14, 2025, 9:35:25 PM",35250593209765058972590014010740545496825392,35250593,589.72,65,2097
"May 7, 2025, 9:52:03 AM",35250593209765058972590014010740535209338365,35250593,589.72,65,2097
"May 19, 2025, 11:10:27 AM",35250593209765058972590014010740550143018582,35250593,589.72,65,2097
"May 19, 2025, 1:17:16 PM",35250593209765058972590014010740550322443660,35250593,589.72,65,2097
"May 7, 2025, 9:15:56 AM",35250593209765058972590014010740535086045497,35250593,589.72,65,2097
"May 19, 2025, 3:36:42 PM",35250593209765058972590014010740550472156870,35250593,589.72,65,2097
"May 7, 2025, 1:37:59 PM",35250593209765058972590014010740535634863939,35250593,589.72,65,2097
"May 19, 2025, 5:20:08 PM",35250593209765058972590014010740550636250202,35250593,589.72,65,2097
"May 19, 2025, 6:50:20 PM",35250593209765058972590014010740550700827587,35250593,589.72,65,2097
"May 7, 2025, 2:38:09 PM",35250593209765058972590014010740535720564758,35250593,589.72,65,2097
"May 20, 2025, 8:39:42 AM",35250593209765058972590014010740550929473515,35250593,589.72,65,2097
"May 20, 2025, 9:26:09 AM",35250593209765058972590014010740550968572685,35250593,589.72,65,2097
"May 20, 2025, 10:04:29 AM",35250593209765058972590014010740551045492326,35250593,589.72,65,2097
"May 8, 2025, 4:26:59 PM",35250593209765058972590014010740537487371022,35250593,589.72,65,2097
"May 7, 2025, 10:03:21 AM",35250593209765058972590014010740535230589096,35250593,589.72,65,2097
"May 14, 2025, 8:44:06 AM",35250593209765058972590014010740544484728143,35250593,589.72,65,2097
"May 24, 2025, 9:13:18 AM",35250593209765058972590014010740555368215521,35250593,589.72,65,2097
"May 14, 2025, 9:05:29 AM",35250593209765058972590014010740544550815886,35250593,589.72,65,2097
"May 14, 2025, 9:35:26 AM",35250593209765058972590014010740544605716485,35250593,589.72,65,2097
"May 25, 2025, 8:59:16 AM",35250593209765058972590014010740556458331731,35250593,589.72,65,2097
"May 25, 2025, 11:49:21 AM",35250593209765058972590014010740556709117158,35250593,589.72,65,2097
"May 25, 2025, 12:12:30 PM",35250593209765058972590014010740556747992281,35250593,589.72,65,2097
"May 7, 2025, 10:31:48 AM",35250593209765058972590014010740535273867152,35250593,589.72,65,2097
"May 25, 2025, 12:38:49 PM",35250593209765058972590014010740556794688658,35250593,589.72,65,2097
"May 14, 2025, 4:04:58 PM",35250593209765058972590014010740545129418513,35250593,589.72,65,2097
"May 25, 2025, 2:23:03 PM",35250593209765058972590014010740556954199528,35250593,589.72,65,2097
"May 25, 2025, 3:32:41 PM",35250593209765058972590014010740557088247802,35250593,589.72,65,2097
"May 14, 2025, 9:08:29 PM",35250593209765058972590014010740545476115772,35250593,589.72,65,2097
"May 9, 2025, 8:22:30 AM",35250593209765058972590014010740538132109892,35250593,589.72,65,2097
"May 26, 2025, 9:04:42 AM",35250593209765058972590014010740557366528154,35250593,589.72,65,2097
"May 26, 2025, 9:36:11 AM",35250593209765058972590014010740557411009084,35250593,589.72,65,2097
"May 26, 2025, 9:37:15 AM",35250593209765058972590014010740557422422816,35250593,589.72,65,2097
"May 26, 2025, 10:03:02 AM",35250593209765058972590014010740557496558843,35250593,589.72,65,2097
"May 8, 2025, 6:09:57 PM",35250593209765058972590014010740537704490709,35250593,589.72,65,2097
"May 15, 2025, 8:40:29 AM",35250593209765058972590014010740545570682286,35250593,589.72,65,2097
"May 26, 2025, 10:12:15 AM",35250593209765058972590014010740557512537833,35250593,589.72,65,2097
"May 26, 2025, 1:08:19 PM",35250593209765058972590014010740557745093628,35250593,589.72,65,2097
"May 15, 2025, 9:54:34 AM",35250593209765058972590014010740545694603434,35250593,589.72,65,2097
"May 8, 2025, 8:33:59 AM",35250593209765058972590014010740536486904444,35250593,589.72,65,2097
"May 26, 2025, 2:54:12 PM",35250593209765058972590014010740557889920491,35250593,589.72,65,2097
"May 13, 2025, 8:52:25 AM",35250593209765058972590014010740543403375930,35250593,589.72,65,2097
"May 9, 2025, 1:39:53 PM",35250593209765058972590014010740538710971002,35250593,589.72,65,2097
"May 15, 2025, 11:03:59 AM",35250593209765058972590014010740545802292961,35250593,589.72,65,2097
"May 16, 2025, 7:32:11 AM",35250593209765058972590014010740546827515911,35250593,589.72,65,2097
"May 27, 2025, 9:43:34 AM",35250593209765058972590014010740558592365374,35250593,589.72,65,2097
"May 16, 2025, 7:40:17 AM",35250593209765058972590014010740546834546541,35250593,589.72,65,2097
"May 7, 2025, 8:43:32 AM",35250593209765058972590014010740535025608246,35250593,589.72,65,2097
"May 19, 2025, 5:18:39 PM",35250593209765058972590014010740550627146139,35250593,589.72,65,2097
"May 19, 2025, 12:15:29 PM",35250593209765058972590014010740550220627088,35250593,589.72,65,2097
"May 27, 2025, 9:57:47 AM",35250593209765058972590014010740558633440901,35250593,589.72,65,2097
"May 27, 2025, 10:02:45 AM",35250593209765058972590014010740558655423783,35250593,589.72,65,2097
"May 16, 2025, 8:55:55 AM",35250593209765058972590014010740546960464397,35250593,589.72,65,2097
"May 27, 2025, 2:49:58 PM",35250593209765058972590014010740559033513566,35250593,589.72,65,2097
"May 7, 2025, 11:33:13 AM",35250593209765058972590014010740535364446354,35250593,589.72,65,2097
"May 16, 2025, 10:33:41 AM",35250593209765058972590014010740547171041887,35250593,589.72,65,2097
"May 7, 2025, 9:29:35 AM",35250593209765058972590014010740535100865280,35250593,589.72,65,2097
"May 7, 2025, 9:31:03 AM",35250593209765058972590014010740535113516912,35250593,589.72,65,2097
"May 10, 2025, 10:03:22 AM",35250593209765058972590014010740540048214372,35250593,589.72,65,2097
"May 19, 2025, 8:21:58 AM",35250593209765058972590014010740549934049706,35250593,589.72,65,2097
"May 19, 2025, 11:37:12 AM",35250593209765058972590014010740550186745923,35250593,589.72,65,2097
"May 2, 2025, 10:30:26 AM",35250593209765059006590014013770564373708222,35250593,590.06,65,2097
"May 2, 2025, 10:30:26 AM",35250593209765059006590014013770564373708222,35250593,590.06,65,2097
"May 16, 2025, 11:00:27 AM",35250593209765058972590014010740547211800171,35250593,589.72,65,2097
"May 10, 2025, 10:40:30 AM",35250593209765058972590014010740540144611352,35250593,589.72,65,2097
"May 26, 2025, 5:54:01 PM",35250593209765058972590014010740558128880681,35250593,589.72,65,2097
"May 14, 2025, 7:35:49 AM",35250593209765058972590014010740544372576350,35250593,589.72,65,2097
"May 24, 2025, 11:59:05 AM",35250593209765058972590014010740555645710815,35250593,589.72,65,2097
"May 19, 2025, 8:35:59 AM",35250593209765058972590014010740549942129640,35250593,589.72,65,2097
"May 14, 2025, 7:35:49 AM",35250593209765058972590014010740544372576350,35250593,589.72,65,2097
"May 19, 2025, 8:53:19 AM",35250593209765058972590014010740549988379607,35250593,589.72,65,2097
"May 20, 2025, 11:02:30 AM",35250593209765058972590014010740551121403090,35250593,589.72,65,2097
"May 7, 2025, 9:53:16 AM",35250593209765058972590014010740535210224220,35250593,589.72,65,2097
"May 10, 2025, 10:08:03 AM",35250593209765058972590014010740540077262657,35250593,589.72,65,2097
"May 24, 2025, 8:21:04 AM",35250593209765058972590014010740555274156831,35250593,589.72,65,2097
"May 24, 2025, 8:27:38 AM",35250593209765058972590014010740555289923132,35250593,589.72,65,2097
"May 14, 2025, 9:03:25 AM",35250593209765058972590014010740544536617525,35250593,589.72,65,2097
"May 7, 2025, 10:26:13 AM",35250593209765058972590014010740535260772654,35250593,589.72,65,2097
"May 24, 2025, 9:14:48 AM",35250593209765058972590014010740555383185310,35250593,589.72,65,2097
"May 10, 2025, 10:33:57 AM",35250593209765058972590014010740540121003674,35250593,589.72,65,2097
"May 14, 2025, 9:37:25 AM",35250593209765058972590014010740544615088770,35250593,589.72,65,2097
"May 26, 2025, 8:44:51 AM",35250593209765058972590014010740557344409683,35250593,589.72,65,2097
"May 25, 2025, 10:37:00 AM",35250593209765058972590014010740556593040561,35250593,589.72,65,2097
"May 25, 2025, 12:12:30 PM",35250593209765058972590014010740556747992281,35250593,589.72,65,2097
"May 7, 2025, 9:47:48 PM",35250593209765058972590014010740536430545490,35250593,589.72,65,2097
"May 14, 2025, 4:04:58 PM",35250593209765058972590014010740545129418513,35250593,589.72,65,2097
"May 15, 2025, 8:31:45 AM",35250593209765058972590014010740545567485866,35250593,589.72,65,2097
"May 26, 2025, 10:20:30 AM",35250593209765058972590014010740557544481787,35250593,589.72,65,2097
"May 26, 2025, 10:29:37 AM",35250593209765058972590014010740557561409029,35250593,589.72,65,2097
"May 26, 2025, 10:46:11 AM",35250593209765058972590014010740557582712480,35250593,589.72,65,2097
"May 14, 2025, 9:35:26 AM",35250593209765058972590014010740544605716485,35250593,589.72,65,2097
"May 26, 2025, 11:06:13 AM",35250593209765058972590014010740557617048255,35250593,589.72,65,2097
"May 7, 2025, 10:59:31 AM",35250593209765058972590014010740535347431611,35250593,589.72,65,2097
"May 9, 2025, 2:16:04 PM",35250593209765058972590014010740538793332304,35250593,589.72,65,2097
"May 9, 2025, 4:28:04 PM",35250593209765058972590014010740539096130937,35250593,589.72,65,2097
"May 24, 2025, 8:32:28 AM",35250593209765058972590014010740555306195527,35250593,589.72,65,2097
"May 24, 2025, 7:16:56 AM",35250593209765058972590014010740555248464095,35250593,589.72,65,2097
"May 16, 2025, 7:22:47 AM",35250593209765058972590014010740546803250608,35250593,589.72,65,2097
"May 27, 2025, 9:35:36 AM",35250593209765058972590014010740558552954085,35250593,589.72,65,2097
"May 27, 2025, 9:43:34 AM",35250593209765058972590014010740558592365374,35250593,589.72,65,2097
"May 16, 2025, 8:27:49 AM",35250593209765058972590014010740546880565189,35250593,589.72,65,2097
"May 16, 2025, 10:05:39 AM",35250593209765058972590014010740547101720041,35250593,589.72,65,2097
"May 16, 2025, 10:12:33 AM",35250593209765058972590014010740547137052987,35250593,589.72,65,2097
"May 10, 2025, 8:02:55 AM",35250593209765058972590014010740539808378480,35250593,589.72,65,2097
"May 8, 2025, 9:04:31 AM",35250593209765058972590014010740536576179420,35250593,589.72,65,2097
"May 10, 2025, 8:02:55 AM",35250593209765058972590014010740539808378480,35250593,589.72,65,2097
"May 7, 2025, 12:39:05 PM",35250593209765058972590014010740535486333260,35250593,589.72,65,2097
"May 10, 2025, 8:45:16 AM",35250593209765058972590014010740539866513441,35250593,589.72,65,2097
"May 10, 2025, 8:55:52 AM",35250593209765058972590014010740539897276565,35250593,589.72,65,2097
"May 26, 2025, 9:04:42 AM",35250593209765058972590014010740557366528154,35250593,589.72,65,2097
"May 7, 2025, 10:32:44 AM",35250593209765058972590014010740535284834722,35250593,589.72,65,2097
"May 7, 2025, 2:45:36 PM",35250593209765058972590014010740535743870847,35250593,589.72,65,2097
"May 8, 2025, 4:41:44 PM",35250593209765058972590014010740537502232784,35250593,589.72,65,2097
"May 16, 2025, 1:51:15 PM",35250593209765058972590014010740547415641209,35250593,589.72,65,2097
"Feb 20, 2025, 11:34:05 AM",35250293209765058972590014010740431840623581,35250293,589.72,65,2097
"May 7, 2025, 9:50:52 AM",35250593209765058972590014010740535199380704,35250593,589.72,65,2097
"May 16, 2025, 4:20:51 PM",35250593209765058972590014010740547625894588,35250593,589.72,65,2097
"May 19, 2025, 11:37:12 AM",35250593209765058972590014010740550186745923,35250593,589.72,65,2097
"May 19, 2025, 7:31:33 AM",35250593209765058972590014010740549904575159,35250593,589.72,65,2097
"May 7, 2025, 9:53:16 AM",35250593209765058972590014010740535210224220,35250593,589.72,65,2097
"May 14, 2025, 8:44:49 AM",35250593209765058972590014010740544491363074,35250593,589.72,65,2097
"May 14, 2025, 5:05:42 PM",35250593209765058972590014010740545194520700,35250593,589.72,65,2097
"May 14, 2025, 5:22:11 PM",35250593209765058972590014010740545219438718,35250593,589.72,65,2097
"May 25, 2025, 12:41:54 PM",35250593209765058972590014010740556810282428,35250593,589.72,65,2097
"May 25, 2025, 12:49:55 PM",35250593209765058972590014010740556826721620,35250593,589.72,65,2097
"May 9, 2025, 6:21:18 PM",35250593209765058972590014010740539407704557,35250593,589.72,65,2097
"May 2, 2025, 10:30:26 AM",35250593209765059006590014013770564373708222,,,,
"May 9, 2025, 10:39:56 AM",35250593209765058972590014010740538338528572,35250593,589.72,65,2097
"May 9, 2025, 5:57:11 PM",35250593209765058972590014010740539333035665,35250593,589.72,65,2097
"May 9, 2025, 1:39:53 PM",35250593209765058972590014010740538710971002,35250593,589.72,65,2097
"May 7, 2025, 9:25:54 AM",35250593209765058972590014010740535095558108,35250593,589.72,65,2097
"May 7, 2025, 9:53:16 AM",35250593209765058972590014010740535210224220,35250593,589.72,65,2097
"May 8, 2025, 4:41:44 PM",35250593209765058972590014010740537502232784,35250593,589.72,65,2097
"May 7, 2025, 5:09:45 PM",35250593209765058972590014010740535998291133,35250593,589.72,65,2097
"May 9, 2025, 10:45:56 AM",35250593209765058972590014010740538363626264,35250593,589.72,65,2097
"May 7, 2025, 9:08:29 AM",35250593209765058972590014010740535051620410,35250593,589.72,65,2097
"May 9, 2025, 9:34:01 PM",35250593209765058972590014010740539731457217,35250593,589.72,65,2097
"May 7, 2025, 8:55:20 AM",35250593209765058972590014010740535042020634,35250593,589.72,65,2097
"May 2, 2025, 10:30:26 AM",35250593209765059006590014013770564373708222,35250593,590.06,65,2097
"May 2, 2025, 10:30:26 AM",35250593209765059006590014013770564373708222,35250593,590.06,65,2097
"May 14, 2025, 7:52:51 AM",35250593209765058972590014010740544402190497,35250593,589.72,65,2097
"May 14, 2025, 9:05:29 AM",35250593209765058972590014010740544550815886,35250593,589.72,65,2097
"May 9, 2025, 10:39:56 AM",35250593209765058972590014010740538338528572,35250593,589.72,65,2097
"May 26, 2025, 2:00:56 PM",35250593209765058972590014010740557827232974,,,,
"May 15, 2025, 10:43:16 AM",35250593209765058972590014010740545763978420,,,,
"May 13, 2025, 11:41:44 AM",35250593209765058972590014010740543717693942,,,,
"May 7, 2025, 8:03:19 AM",35250593209765058972590014010740534993611913,,,,
"May 16, 2025, 8:55:55 AM",35250593209765058972590014010740546960464397,,,,
"May 8, 2025, 9:01:49 AM",35250593209765058972590014010740536541699649,,,,
"May 19, 2025, 9:05:19 AM",35250593209765058972590014010740550028637887,,,,
"May 2, 2025, 10:30:26 AM",35250593209765059006590014013770564373708222,,,,
"May 2, 2025, 10:30:26 AM",35250593209765059006590014013770564373708222,,,,
"May 2, 2025, 10:30:26 AM",35250593209765059006590014013770564373708222,,,,
"May 7, 2025, 9:15:56 AM",35250593209765058972590014010740535086045497,,,,
"May 9, 2025, 11:36:16 AM",35250593209765058972590014010740538496023420,,,,
"May 16, 2025, 10:33:41 AM",35250593209765058972590014010740547171041887,,,,
"May 27, 2025, 6:20:29 PM",35250593209765058972590014010740559355081966,,,,
"May 10, 2025, 10:40:30 AM",35250593209765058972590014010740540144611352,,,,
"May 2, 2025, 10:30:26 AM",35250593209765059006590014013770564373708222,,,,
"May 29, 2025, 10:03:53 AM",35250593209765058972590014014450918360850983,,,,